[2m2026-03-02T08:54:58.888340Z[0m [32m INFO[0m [2maureum_backend::mrate::engine[0m[2m:[0m 📰 NewsAPI client initialized - regime event detection enabled
[2m2026-03-02T08:54:58.921241Z[0m [32m INFO[0m [2maureum_backend::feeds::crypto[0m[2m:[0m CoinGecko API key configured
[2m2026-03-02T08:54:59.123466Z[0m [32m INFO[0m [2maureum_backend::bot::runner[0m[2m:[0m 📊 OANDA account: balance=109903.3763, NAV=109822.1585, currency=GBP
[2m2026-03-02T08:54:59.123504Z[0m [32m INFO[0m [2maureum_backend::bot::runner[0m[2m:[0m 💰 Portfolio Risk Engine initialized with $109822.16 equity (from OANDA)
[2m2026-03-02T08:54:59.126591Z[0m [32m INFO[0m [2maureum_backend::bot::runner[0m[2m:[0m 🤖 Auto-restarting 40 active bot(s)...
[2m2026-03-02T08:54:59.133571Z[0m [32m INFO[0m [2maureum_backend::bot::runner[0m[2m:[0m Bot Gold EMA Ribbon M15 using timeframe: M15
[2m2026-03-02T08:54:59.133627Z[0m [32m INFO[0m [2maureum_backend::bot::runner[0m[2m:[0m ✅ Auto-restarted bot: Gold EMA Ribbon M15 (44e89400-ca87-41d0-86fe-5efc94cd5fe1)
[2m2026-03-02T08:54:59.133661Z[0m [32m INFO[0m [2maureum_backend::bot::runner[0m[2m:[0m 🤖 Bot Gold EMA Ribbon M15 (44e89400-ca87-41d0-86fe-5efc94cd5fe1) starting...
[2m2026-03-02T08:54:59.134541Z[0m [32m INFO[0m [2maureum_backend::bot::runner[0m[2m:[0m Bot JPY Bollinger MR H1 using timeframe: H1
[2m2026-03-02T08:54:59.134578Z[0m [32m INFO[0m [2maureum_backend::bot::runner[0m[2m:[0m ✅ Auto-restarted bot: JPY Bollinger MR H1 (901c7820-0947-4bb1-944b-ceb344895608)
[2m2026-03-02T08:54:59.134593Z[0m [32m INFO[0m [2maureum_backend::bot::runner[0m[2m:[0m 🤖 Bot JPY Bollinger MR H1 (901c7820-0947-4bb1-944b-ceb344895608) starting...
[2m2026-03-02T08:54:59.136845Z[0m [32m INFO[0m [2maureum_backend::bot::runner[0m[2m:[0m Bot EUR EMA Ribbon M15 using timeframe: M15
[2m2026-03-02T08:54:59.136857Z[0m [32m INFO[0m [2maureum_backend::bot::runner[0m[2m:[0m Bot EUR EMA Ribbon M15 has MRATE category: Some(Trend)
[2m2026-03-02T08:54:59.136885Z[0m [32m INFO[0m [2maureum_backend::bot::runner[0m[2m:[0m ✅ Auto-restarted bot: EUR EMA Ribbon M15 (47f85108-8400-4652-9147-6c9dd838e614)
[2m2026-03-02T08:54:59.136934Z[0m [32m INFO[0m [2maureum_backend::bot::runner[0m[2m:[0m 🤖 Bot EUR EMA Ribbon M15 (47f85108-8400-4652-9147-6c9dd838e614) starting...
[2m2026-03-02T08:54:59.153902Z[0m [32m INFO[0m [2maureum_backend::bot::runner[0m[2m:[0m Bot EUR EMA Ribbon M15 using cooldown: 300s
[2m2026-03-02T08:54:59.165261Z[0m [32m INFO[0m [2maureum_backend::bot::runner[0m[2m:[0m Bot Gold EMA Ribbon M15 using cooldown: 900s
[2m2026-03-02T08:54:59.176726Z[0m [32m INFO[0m [2maureum_backend::bot::runner[0m[2m:[0m Bot JPY Bollinger MR H1 using cooldown: 300s
[2m2026-03-02T08:54:59.177759Z[0m [32m INFO[0m [2maureum_backend::bot::runner[0m[2m:[0m Bot JPY ADX Trend H1 using timeframe: H1
[2m2026-03-02T08:54:59.177770Z[0m [32m INFO[0m [2maureum_backend::bot::runner[0m[2m:[0m Bot JPY ADX Trend H1 has MRATE category: Some(Trend)
[2m2026-03-02T08:54:59.177800Z[0m [32m INFO[0m [2maureum_backend::bot::runner[0m[2m:[0m ✅ Auto-restarted bot: JPY ADX Trend H1 (bdbdf0e3-cb06-4b04-958e-169cf2b4da17)
[2m2026-03-02T08:54:59.177817Z[0m [32m INFO[0m [2maureum_backend::bot::runner[0m[2m:[0m 🤖 Bot JPY ADX Trend H1 (bdbdf0e3-cb06-4b04-958e-169cf2b4da17) starting...
[2m2026-03-02T08:54:59.179499Z[0m [32m INFO[0m [2maureum_backend::bot::runner[0m[2m:[0m Bot JPY Donchian BO M15 using timeframe: M15
[2m2026-03-02T08:54:59.179521Z[0m [32m INFO[0m [2maureum_backend::bot::runner[0m[2m:[0m Bot JPY Donchian BO M15 has MRATE category: Some(Breakout)
[2m2026-03-02T08:54:59.179561Z[0m [32m INFO[0m [2maureum_backend::bot::runner[0m[2m:[0m ✅ Auto-restarted bot: JPY Donchian BO M15 (6cd4127e-a716-4eff-81e6-63758a945ddc)
[2m2026-03-02T08:54:59.179588Z[0m [32m INFO[0m [2maureum_backend::bot::runner[0m[2m:[0m 🤖 Bot JPY Donchian BO M15 (6cd4127e-a716-4eff-81e6-63758a945ddc) starting...
[2m2026-03-02T08:54:59.191480Z[0m [32m INFO[0m [2maureum_backend::bot::runner[0m[2m:[0m Bot JPY ADX Trend H1 using cooldown: 300s
[2m2026-03-02T08:54:59.195887Z[0m [32m INFO[0m [2maureum_backend::bot::runner[0m[2m:[0m Bot JPY London BO H1 using timeframe: H1
[2m2026-03-02T08:54:59.195902Z[0m [32m INFO[0m [2maureum_backend::bot::runner[0m[2m:[0m Bot JPY London BO H1 has MRATE category: Some(Breakout)
[2m2026-03-02T08:54:59.195934Z[0m [32m INFO[0m [2maureum_backend::bot::runner[0m[2m:[0m ✅ Auto-restarted bot: JPY London BO H1 (ffa8941c-4135-4ade-91b3-ea8461de8469)
[2m2026-03-02T08:54:59.195962Z[0m [32m INFO[0m [2maureum_backend::bot::runner[0m[2m:[0m 🤖 Bot JPY London BO H1 (ffa8941c-4135-4ade-91b3-ea8461de8469) starting...
[2m2026-03-02T08:54:59.209014Z[0m [32m INFO[0m [2maureum_backend::bot::runner[0m[2m:[0m Bot JPY Donchian BO M15 using cooldown: 300s
[2m2026-03-02T08:54:59.209344Z[0m [32m INFO[0m [2maureum_backend::bot::runner[0m[2m:[0m Bot JPY Triple Screen M15 using timeframe: M15
[2m2026-03-02T08:54:59.209352Z[0m [32m INFO[0m [2maureum_backend::bot::runner[0m[2m:[0m Bot JPY Triple Screen M15 has MRATE category: Some(Trend)
[2m2026-03-02T08:54:59.209384Z[0m [32m INFO[0m [2maureum_backend::bot::runner[0m[2m:[0m ✅ Auto-restarted bot: JPY Triple Screen M15 (b212be3a-375e-4666-be7c-a37ad828ce04)
[2m2026-03-02T08:54:59.220882Z[0m [32m INFO[0m [2maureum_backend::bot::runner[0m[2m:[0m Bot JPY London BO H1 using cooldown: 300s
[2m2026-03-02T08:54:59.222347Z[0m [32m INFO[0m [2maureum_backend::bot::runner[0m[2m:[0m 🤖 Bot JPY Triple Screen M15 (b212be3a-375e-4666-be7c-a37ad828ce04) starting...
[2m2026-03-02T08:54:59.223378Z[0m [32m INFO[0m [2maureum_backend::bot::runner[0m[2m:[0m Bot Gold Trendline Daily using timeframe: D
[2m2026-03-02T08:54:59.223417Z[0m [32m INFO[0m [2maureum_backend::bot::runner[0m[2m:[0m ✅ Auto-restarted bot: Gold Trendline Daily (cd206081-e2bc-4dc3-abec-a5869634d79d)
[2m2026-03-02T08:54:59.223431Z[0m [32m INFO[0m [2maureum_backend::bot::runner[0m[2m:[0m 🤖 Bot Gold Trendline Daily (cd206081-e2bc-4dc3-abec-a5869634d79d) starting...
[2m2026-03-02T08:54:59.224529Z[0m [32m INFO[0m [2maureum_backend::bot::runner[0m[2m:[0m Bot Gold Triple Screen H4 using timeframe: H4
[2m2026-03-02T08:54:59.224590Z[0m [32m INFO[0m [2maureum_backend::bot::runner[0m[2m:[0m ✅ Auto-restarted bot: Gold Triple Screen H4 (6d107fa4-024a-4619-a89d-ae9c99aa605e)
[2m2026-03-02T08:54:59.244306Z[0m [32m INFO[0m [2maureum_backend::bot::runner[0m[2m:[0m Bot JPY Triple Screen M15 using cooldown: 300s
[2m2026-03-02T08:54:59.244406Z[0m [32m INFO[0m [2maureum_backend::bot::runner[0m[2m:[0m 🤖 Bot Gold Triple Screen H4 (6d107fa4-024a-4619-a89d-ae9c99aa605e) starting...
[2m2026-03-02T08:54:59.264538Z[0m [32m INFO[0m [2maureum_backend::bot::runner[0m[2m:[0m Bot Gold Trendline Daily using cooldown: 300s
[2m2026-03-02T08:54:59.269586Z[0m [32m INFO[0m [2maureum_backend::bot::runner[0m[2m:[0m Bot BTC Bollinger MR H1 using timeframe: H1
[2m2026-03-02T08:54:59.269645Z[0m [32m INFO[0m [2maureum_backend::bot::runner[0m[2m:[0m ✅ Auto-restarted bot: BTC Bollinger MR H1 (92f12994-d297-4999-93be-3d7194ec8960)
[2m2026-03-02T08:54:59.269670Z[0m [32m INFO[0m [2maureum_backend::bot::runner[0m[2m:[0m 🤖 Bot BTC Bollinger MR H1 (92f12994-d297-4999-93be-3d7194ec8960) starting...
[2m2026-03-02T08:54:59.270806Z[0m [32m INFO[0m [2maureum_backend::bot::runner[0m[2m:[0m Bot JPY Bollinger MR M15 using timeframe: M15
[2m2026-03-02T08:54:59.270845Z[0m [32m INFO[0m [2maureum_backend::bot::runner[0m[2m:[0m ✅ Auto-restarted bot: JPY Bollinger MR M15 (7cd69aad-25ee-4f14-a127-f3e44540cd64)
[2m2026-03-02T08:54:59.270864Z[0m [32m INFO[0m [2maureum_backend::bot::runner[0m[2m:[0m 🤖 Bot JPY Bollinger MR M15 (7cd69aad-25ee-4f14-a127-f3e44540cd64) starting...
[2m2026-03-02T08:54:59.291105Z[0m [32m INFO[0m [2maureum_backend::bot::runner[0m[2m:[0m Bot Gold Triple Screen H4 using cooldown: 300s
[2m2026-03-02T08:54:59.310740Z[0m [32m INFO[0m [2maureum_backend::bot::runner[0m[2m:[0m Bot BTC Bollinger MR H1 using cooldown: 300s
[2m2026-03-02T08:54:59.332242Z[0m [32m INFO[0m [2maureum_backend::bot::runner[0m[2m:[0m Bot JPY Bollinger MR M15 using cooldown: 300s
[2m2026-03-02T08:54:59.332980Z[0m [32m INFO[0m [2maureum_backend::bot::runner[0m[2m:[0m Bot Gold RSI Reversion H1 using timeframe: H1
[2m2026-03-02T08:54:59.333027Z[0m [32m INFO[0m [2maureum_backend::bot::runner[0m[2m:[0m ✅ Auto-restarted bot: Gold RSI Reversion H1 (15d242e4-26c2-4caf-bc8b-2ee42ee108e4)
[2m2026-03-02T08:54:59.335070Z[0m [32m INFO[0m [2maureum_backend::bot::runner[0m[2m:[0m 🤖 Bot Gold RSI Reversion H1 (15d242e4-26c2-4caf-bc8b-2ee42ee108e4) starting...
[2m2026-03-02T08:54:59.336769Z[0m [32m INFO[0m [2maureum_backend::bot::runner[0m[2m:[0m Bot Gold Donchian Breakout M15 using timeframe: M15
[2m2026-03-02T08:54:59.336781Z[0m [32m INFO[0m [2maureum_backend::bot::runner[0m[2m:[0m Bot Gold Donchian Breakout M15 has MRATE category: Some(Breakout)
[2m2026-03-02T08:54:59.336817Z[0m [32m INFO[0m [2maureum_backend::bot::runner[0m[2m:[0m ✅ Auto-restarted bot: Gold Donchian Breakout M15 (24057119-452f-42ff-8820-a47746af3fa4)
[2m2026-03-02T08:54:59.336836Z[0m [32m INFO[0m [2maureum_backend::bot::runner[0m[2m:[0m 🤖 Bot Gold Donchian Breakout M15 (24057119-452f-42ff-8820-a47746af3fa4) starting...
[2m2026-03-02T08:54:59.337928Z[0m [32m INFO[0m [2maureum_backend::bot::runner[0m[2m:[0m Bot Gold Triple Screen M15 using timeframe: M15
[2m2026-03-02T08:54:59.337969Z[0m [32m INFO[0m [2maureum_backend::bot::runner[0m[2m:[0m ✅ Auto-restarted bot: Gold Triple Screen M15 (62ff0517-1103-4b7d-bca7-74f1d371fa77)
[2m2026-03-02T08:54:59.337988Z[0m [32m INFO[0m [2maureum_backend::bot::runner[0m[2m:[0m 🤖 Bot Gold Triple Screen M15 (62ff0517-1103-4b7d-bca7-74f1d371fa77) starting...
[2m2026-03-02T08:54:59.357558Z[0m [32m INFO[0m [2maureum_backend::bot::runner[0m[2m:[0m Bot Gold RSI Reversion H1 using cooldown: 300s
[2m2026-03-02T08:54:59.374085Z[0m [32m INFO[0m [2maureum_backend::bot::runner[0m[2m:[0m Bot Gold Donchian Breakout M15 using cooldown: 900s
[2m2026-03-02T08:54:59.388489Z[0m [32m INFO[0m [2maureum_backend::bot::runner[0m[2m:[0m Bot Gold Triple Screen M15 using cooldown: 300s
[2m2026-03-02T08:54:59.390069Z[0m [32m INFO[0m [2maureum_backend::bot::runner[0m[2m:[0m Bot NAS100 Bollinger MR H1 using timeframe: H1
[2m2026-03-02T08:54:59.390099Z[0m [32m INFO[0m [2maureum_backend::bot::runner[0m[2m:[0m ✅ Auto-restarted bot: NAS100 Bollinger MR H1 (ba5ffe96-f26b-494f-9136-5e14cbe59286)
[2m2026-03-02T08:54:59.390112Z[0m [32m INFO[0m [2maureum_backend::bot::runner[0m[2m:[0m 🤖 Bot NAS100 Bollinger MR H1 (ba5ffe96-f26b-494f-9136-5e14cbe59286) starting...
[2m2026-03-02T08:54:59.392257Z[0m [32m INFO[0m [2maureum_backend::bot::runner[0m[2m:[0m Bot Gold Bollinger MR H1 using timeframe: H1
[2m2026-03-02T08:54:59.392292Z[0m [32m INFO[0m [2maureum_backend::bot::runner[0m[2m:[0m ✅ Auto-restarted bot: Gold Bollinger MR H1 (8c1cb90a-e1f8-4067-9de8-6ffa8c8383b6)
[2m2026-03-02T08:54:59.392329Z[0m [32m INFO[0m [2maureum_backend::bot::runner[0m[2m:[0m 🤖 Bot Gold Bollinger MR H1 (8c1cb90a-e1f8-4067-9de8-6ffa8c8383b6) starting...
[2m2026-03-02T08:54:59.404567Z[0m [32m INFO[0m [2maureum_backend::bot::runner[0m[2m:[0m Bot NAS100 Bollinger MR H1 using cooldown: 300s
[2m2026-03-02T08:54:59.417649Z[0m [32m INFO[0m [2maureum_backend::bot::runner[0m[2m:[0m Bot Gold Bollinger MR H1 using cooldown: 300s
[2m2026-03-02T08:54:59.420217Z[0m [32m INFO[0m [2maureum_backend::bot::runner[0m[2m:[0m Bot Gold Stochastic H1 using timeframe: H1
[2m2026-03-02T08:54:59.420265Z[0m [32m INFO[0m [2maureum_backend::bot::runner[0m[2m:[0m ✅ Auto-restarted bot: Gold Stochastic H1 (0eafdac4-3954-4879-8886-32f031ca18bd)
[2m2026-03-02T08:54:59.420413Z[0m [32m INFO[0m [2maureum_backend::bot::runner[0m[2m:[0m 🤖 Bot Gold Stochastic H1 (0eafdac4-3954-4879-8886-32f031ca18bd) starting...
[2m2026-03-02T08:54:59.421814Z[0m [32m INFO[0m [2maureum_backend::bot::runner[0m[2m:[0m Bot Gold MACD Divergence H1 using timeframe: H1
[2m2026-03-02T08:54:59.421851Z[0m [32m INFO[0m [2maureum_backend::bot::runner[0m[2m:[0m ✅ Auto-restarted bot: Gold MACD Divergence H1 (d25c78da-dd75-4c6d-bfde-781a7ef00932)
[2m2026-03-02T08:54:59.421860Z[0m [32m INFO[0m [2maureum_backend::bot::runner[0m[2m:[0m 🤖 Bot Gold MACD Divergence H1 (d25c78da-dd75-4c6d-bfde-781a7ef00932) starting...
[2m2026-03-02T08:54:59.423867Z[0m [32m INFO[0m [2maureum_backend::bot::runner[0m[2m:[0m Bot EUR Bollinger MR M15 using timeframe: M15
[2m2026-03-02T08:54:59.423902Z[0m [32m INFO[0m [2maureum_backend::bot::runner[0m[2m:[0m ✅ Auto-restarted bot: EUR Bollinger MR M15 (561643a5-3a75-43af-9692-b9d1aa6be857)
[2m2026-03-02T08:54:59.423920Z[0m [32m INFO[0m [2maureum_backend::bot::runner[0m[2m:[0m 🤖 Bot EUR Bollinger MR M15 (561643a5-3a75-43af-9692-b9d1aa6be857) starting...
[2m2026-03-02T08:54:59.435062Z[0m [32m INFO[0m [2maureum_backend::bot::runner[0m[2m:[0m Bot Gold Stochastic H1 using cooldown: 300s
[2m2026-03-02T08:54:59.446680Z[0m [32m INFO[0m [2maureum_backend::bot::runner[0m[2m:[0m Bot Gold MACD Divergence H1 using cooldown: 300s
[2m2026-03-02T08:54:59.462863Z[0m [32m INFO[0m [2maureum_backend::bot::runner[0m[2m:[0m Bot EUR Bollinger MR M15 using cooldown: 300s
[2m2026-03-02T08:54:59.463178Z[0m [32m INFO[0m [2maureum_backend::bot::runner[0m[2m:[0m Bot Gold EMA Ribbon H1 using timeframe: H1
[2m2026-03-02T08:54:59.463209Z[0m [32m INFO[0m [2maureum_backend::bot::runner[0m[2m:[0m ✅ Auto-restarted bot: Gold EMA Ribbon H1 (94e5d0fb-86c5-47ad-a820-cb8b5d49795b)
[2m2026-03-02T08:54:59.464461Z[0m [32m INFO[0m [2maureum_backend::bot::runner[0m[2m:[0m 🤖 Bot Gold EMA Ribbon H1 (94e5d0fb-86c5-47ad-a820-cb8b5d49795b) starting...
[2m2026-03-02T08:54:59.466998Z[0m [32m INFO[0m [2maureum_backend::bot::runner[0m[2m:[0m Bot Oil Bollinger MR H1 using timeframe: H1
[2m2026-03-02T08:54:59.467044Z[0m [32m INFO[0m [2maureum_backend::bot::runner[0m[2m:[0m ✅ Auto-restarted bot: Oil Bollinger MR H1 (ea3f37d8-752f-4866-b8e4-2752dda2aae5)
[2m2026-03-02T08:54:59.467178Z[0m [32m INFO[0m [2maureum_backend::bot::runner[0m[2m:[0m 🤖 Bot Oil Bollinger MR H1 (ea3f37d8-752f-4866-b8e4-2752dda2aae5) starting...
[2m2026-03-02T08:54:59.477939Z[0m [32m INFO[0m [2maureum_backend::bot::runner[0m[2m:[0m Bot Gold EMA Ribbon H1 using cooldown: 600s
[2m2026-03-02T08:54:59.481656Z[0m [32m INFO[0m [2maureum_backend::bot::runner[0m[2m:[0m Bot NatGas Forecast H1 using timeframe: H1
[2m2026-03-02T08:54:59.481674Z[0m [32m INFO[0m [2maureum_backend::bot::runner[0m[2m:[0m Bot NatGas Forecast H1 has MRATE category: Some(Trend)
[2m2026-03-02T08:54:59.481721Z[0m [32m INFO[0m [2maureum_backend::bot::runner[0m[2m:[0m ✅ Auto-restarted bot: NatGas Forecast H1 (66cebb81-86f1-4322-8e14-6cf45c8edb92)
[2m2026-03-02T08:54:59.481731Z[0m [32m INFO[0m [2maureum_backend::bot::runner[0m[2m:[0m 🤖 Bot NatGas Forecast H1 (66cebb81-86f1-4322-8e14-6cf45c8edb92) starting...
[2m2026-03-02T08:54:59.494128Z[0m [32m INFO[0m [2maureum_backend::bot::runner[0m[2m:[0m Bot Oil Bollinger MR H1 using cooldown: 300s
[2m2026-03-02T08:54:59.509755Z[0m [32m INFO[0m [2maureum_backend::bot::runner[0m[2m:[0m Bot NatGas Forecast H1 using cooldown: 300s
[2m2026-03-02T08:54:59.511245Z[0m [32m INFO[0m [2maureum_backend::bot::runner[0m[2m:[0m Bot Gold ADX Trend M15 using timeframe: M15
[2m2026-03-02T08:54:59.511280Z[0m [32m INFO[0m [2maureum_backend::bot::runner[0m[2m:[0m ✅ Auto-restarted bot: Gold ADX Trend M15 (ce318bfe-b724-494e-a8c0-aae71855b932)
[2m2026-03-02T08:54:59.511512Z[0m [32m INFO[0m [2maureum_backend::bot::runner[0m[2m:[0m 🤖 Bot Gold ADX Trend M15 (ce318bfe-b724-494e-a8c0-aae71855b932) starting...
[2m2026-03-02T08:54:59.513794Z[0m [32m INFO[0m [2maureum_backend::bot::runner[0m[2m:[0m Bot JPY ADX Trend M15 using timeframe: M15
[2m2026-03-02T08:54:59.513806Z[0m [32m INFO[0m [2maureum_backend::bot::runner[0m[2m:[0m Bot JPY ADX Trend M15 has MRATE category: Some(Trend)
[2m2026-03-02T08:54:59.513828Z[0m [32m INFO[0m [2maureum_backend::bot::runner[0m[2m:[0m ✅ Auto-restarted bot: JPY ADX Trend M15 (026e87be-dedc-430c-8422-857094954d78)
[2m2026-03-02T08:54:59.514008Z[0m [32m INFO[0m [2maureum_backend::bot::runner[0m[2m:[0m 🤖 Bot JPY ADX Trend M15 (026e87be-dedc-430c-8422-857094954d78) starting...
[2m2026-03-02T08:54:59.525377Z[0m [32m INFO[0m [2maureum_backend::bot::runner[0m[2m:[0m Bot Gold ADX Trend M15 using cooldown: 900s
[2m2026-03-02T08:54:59.540752Z[0m [32m INFO[0m [2maureum_backend::bot::runner[0m[2m:[0m Bot JPY ADX Trend M15 using cooldown: 300s
[2m2026-03-02T08:54:59.543279Z[0m [32m INFO[0m [2maureum_backend::bot::runner[0m[2m:[0m Bot NatGas London NY H1 using timeframe: H1
[2m2026-03-02T08:54:59.543293Z[0m [32m INFO[0m [2maureum_backend::bot::runner[0m[2m:[0m Bot NatGas London NY H1 has MRATE category: Some(Trend)
[2m2026-03-02T08:54:59.543325Z[0m [32m INFO[0m [2maureum_backend::bot::runner[0m[2m:[0m ✅ Auto-restarted bot: NatGas London NY H1 (cfe25049-8c86-4e99-bbaa-2db262da7d2b)
[2m2026-03-02T08:54:59.543353Z[0m [32m INFO[0m [2maureum_backend::bot::runner[0m[2m:[0m 🤖 Bot NatGas London NY H1 (cfe25049-8c86-4e99-bbaa-2db262da7d2b) starting...
[2m2026-03-02T08:54:59.557652Z[0m [32m INFO[0m [2maureum_backend::bot::runner[0m[2m:[0m Bot NatGas London NY H1 using cooldown: 300s
[2m2026-03-02T08:54:59.557898Z[0m [32m INFO[0m [2maureum_backend::bot::runner[0m[2m:[0m Bot Oil Stochastic H1 using timeframe: H1
[2m2026-03-02T08:54:59.557929Z[0m [32m INFO[0m [2maureum_backend::bot::runner[0m[2m:[0m ✅ Auto-restarted bot: Oil Stochastic H1 (812e13d1-d426-4e3a-b72f-19c0e4c3ae77)
[2m2026-03-02T08:54:59.559110Z[0m [32m INFO[0m [2maureum_backend::bot::runner[0m[2m:[0m 🤖 Bot Oil Stochastic H1 (812e13d1-d426-4e3a-b72f-19c0e4c3ae77) starting...
[2m2026-03-02T08:54:59.561125Z[0m [32m INFO[0m [2maureum_backend::bot::runner[0m[2m:[0m Bot Real Yield Mom H4 using timeframe: H4
[2m2026-03-02T08:54:59.561178Z[0m [32m INFO[0m [2maureum_backend::bot::runner[0m[2m:[0m ✅ Auto-restarted bot: Real Yield Mom H4 (2c3b0cbb-597e-48d9-b099-c614182d6860)
[2m2026-03-02T08:54:59.561190Z[0m [32m INFO[0m [2maureum_backend::bot::runner[0m[2m:[0m 🤖 Bot Real Yield Mom H4 (2c3b0cbb-597e-48d9-b099-c614182d6860) starting...
[2m2026-03-02T08:54:59.573893Z[0m [32m INFO[0m [2maureum_backend::bot::runner[0m[2m:[0m Bot Oil Stochastic H1 using cooldown: 300s
[2m2026-03-02T08:54:59.577260Z[0m [32m INFO[0m [2maureum_backend::bot::runner[0m[2m:[0m Bot Gold Asian RSI Reversion H1 using timeframe: H1
[2m2026-03-02T08:54:59.577292Z[0m [32m INFO[0m [2maureum_backend::bot::runner[0m[2m:[0m ✅ Auto-restarted bot: Gold Asian RSI Reversion H1 (cb083586-43ba-423b-861b-f60220821800)
[2m2026-03-02T08:54:59.577323Z[0m [32m INFO[0m [2maureum_backend::bot::runner[0m[2m:[0m 🤖 Bot Gold Asian RSI Reversion H1 (cb083586-43ba-423b-861b-f60220821800) starting...
[2m2026-03-02T08:54:59.589227Z[0m [32m INFO[0m [2maureum_backend::bot::runner[0m[2m:[0m Bot Real Yield Mom H4 using cooldown: 300s
[2m2026-03-02T08:54:59.603642Z[0m [32m INFO[0m [2maureum_backend::bot::runner[0m[2m:[0m Bot Gold Asian RSI Reversion H1 using cooldown: 300s
[2m2026-03-02T08:54:59.604034Z[0m [32m INFO[0m [2maureum_backend::bot::runner[0m[2m:[0m 📊 Trade 10426 closed: STOP_LOSS @ 157.00, PnL: -2.30 (LOSS)
[2m2026-03-02T08:54:59.606161Z[0m [32m INFO[0m [2maureum_backend::bot::runner[0m[2m:[0m Bot NatGas ADX Trend H1 using timeframe: H1
[2m2026-03-02T08:54:59.606173Z[0m [32m INFO[0m [2maureum_backend::bot::runner[0m[2m:[0m Bot NatGas ADX Trend H1 has MRATE category: Some(Trend)
[2m2026-03-02T08:54:59.606216Z[0m [32m INFO[0m [2maureum_backend::bot::runner[0m[2m:[0m ✅ Auto-restarted bot: NatGas ADX Trend H1 (398e0499-ae16-42b8-8dac-08a9c49c46c8)
[2m2026-03-02T08:54:59.606227Z[0m [32m INFO[0m [2maureum_backend::bot::runner[0m[2m:[0m 🤖 Bot NatGas ADX Trend H1 (398e0499-ae16-42b8-8dac-08a9c49c46c8) starting...
[2m2026-03-02T08:54:59.621773Z[0m [32m INFO[0m [2maureum_backend::bot::runner[0m[2m:[0m Bot NatGas ADX Trend H1 using cooldown: 300s
[2m2026-03-02T08:54:59.624157Z[0m [32m INFO[0m [2maureum_backend::bot::runner[0m[2m:[0m Bot Quant Gold Momentum RSI Over M5 using timeframe: M5
[2m2026-03-02T08:54:59.624196Z[0m [32m INFO[0m [2maureum_backend::bot::runner[0m[2m:[0m ✅ Auto-restarted bot: Quant Gold Momentum RSI Over M5 (67d7cd32-dee6-487d-bf46-ef5861e5bf47)
[2m2026-03-02T08:54:59.624259Z[0m [32m INFO[0m [2maureum_backend::bot::runner[0m[2m:[0m 🤖 Bot Quant Gold Momentum RSI Over M5 (67d7cd32-dee6-487d-bf46-ef5861e5bf47) starting...
[2m2026-03-02T08:54:59.626787Z[0m [33m WARN[0m [2maureum_backend::risk::engine[0m[2m:[0m No open position found for USD_JPY (bot 6cd4127e-a716-4eff-81e6-63758a945ddc), but recording P&L anyway
[2m2026-03-02T08:54:59.626799Z[0m [32m INFO[0m [2maureum_backend::risk::engine[0m[2m:[0m 💰 Trade closed: P&L $-2.30, Daily: $-2.30, Consecutive losses: 1
[2m2026-03-02T08:54:59.626804Z[0m [32m INFO[0m [2maureum_backend::bot::runner[0m[2m:[0m 🔴 Position closed in risk engine: USD_JPY (PnL: -2.30)
[2m2026-03-02T08:54:59.639598Z[0m [32m INFO[0m [2maureum_backend::bot::runner[0m[2m:[0m Bot Quant Gold Momentum RSI Over M5 using cooldown: 300s
[2m2026-03-02T08:54:59.639842Z[0m [32m INFO[0m [2maureum_backend::bot::runner[0m[2m:[0m Bot MRATE Gold M15 using timeframe: M15
[2m2026-03-02T08:54:59.639870Z[0m [32m INFO[0m [2maureum_backend::bot::runner[0m[2m:[0m ✅ Auto-restarted bot: MRATE Gold M15 (28834cfb-c37a-4005-905c-1f92de8063c4)
[2m2026-03-02T08:54:59.641070Z[0m [32m INFO[0m [2maureum_backend::bot::runner[0m[2m:[0m 🤖 Bot MRATE Gold M15 (28834cfb-c37a-4005-905c-1f92de8063c4) starting...
[2m2026-03-02T08:54:59.655775Z[0m [32m INFO[0m [2maureum_backend::bot::runner[0m[2m:[0m Bot MRATE Gold M15 using cooldown: 300s
[2m2026-03-02T08:54:59.656023Z[0m [32m INFO[0m [2maureum_backend::bot::runner[0m[2m:[0m Bot Quant Gold Momentum BTC M15 using timeframe: M15
[2m2026-03-02T08:54:59.656057Z[0m [32m INFO[0m [2maureum_backend::bot::runner[0m[2m:[0m ✅ Auto-restarted bot: Quant Gold Momentum BTC M15 (3015c5e0-b957-4cc9-be9b-01d93d94a6c2)
[2m2026-03-02T08:54:59.656102Z[0m [32m INFO[0m [2maureum_backend::analytics::ensemble[0m[2m:[0m Ensemble: Recorded loss for cluster breakout_USD_JPY (pattern: 8960c1b711cca65e, pnl: -2.30)
[2m2026-03-02T08:54:59.656108Z[0m [32m INFO[0m [2maureum_backend::bot::runner[0m[2m:[0m 🧠 Ensemble: Recorded loss for breakout_USD_JPY cluster (regime: NO_MRATE, pnl: -2.30)
[2m2026-03-02T08:54:59.657212Z[0m [32m INFO[0m [2maureum_backend::bot::runner[0m[2m:[0m 🤖 Bot Quant Gold Momentum BTC M15 (3015c5e0-b957-4cc9-be9b-01d93d94a6c2) starting...
[2m2026-03-02T08:54:59.659604Z[0m [32m INFO[0m [2maureum_backend::bot::runner[0m[2m:[0m Bot Gold Macro-Aligned Momentum H4 using timeframe: H4
[2m2026-03-02T08:54:59.659647Z[0m [32m INFO[0m [2maureum_backend::bot::runner[0m[2m:[0m ✅ Auto-restarted bot: Gold Macro-Aligned Momentum H4 (dfd8878e-89d7-408b-b569-ea8e54fa7c57)
[2m2026-03-02T08:54:59.659662Z[0m [32m INFO[0m [2maureum_backend::bot::runner[0m[2m:[0m 🤖 Bot Gold Macro-Aligned Momentum H4 (dfd8878e-89d7-408b-b569-ea8e54fa7c57) starting...
[2m2026-03-02T08:54:59.671514Z[0m [32m INFO[0m [2maureum_backend::bot::runner[0m[2m:[0m Bot Quant Gold Momentum BTC M15 using cooldown: 300s
[2m2026-03-02T08:54:59.685786Z[0m [32m INFO[0m [2maureum_backend::bot::runner[0m[2m:[0m Bot Gold Macro-Aligned Momentum H4 using cooldown: 300s
[2m2026-03-02T08:54:59.686330Z[0m [32m INFO[0m [2maureum_backend::bot::runner[0m[2m:[0m 💵 Account equity updated: $109821.59
[2m2026-03-02T08:54:59.687114Z[0m [32m INFO[0m [2maureum_backend::bot::runner[0m[2m:[0m Bot Gold Panic Safe Haven H4 using timeframe: H4
[2m2026-03-02T08:54:59.687143Z[0m [32m INFO[0m [2maureum_backend::bot::runner[0m[2m:[0m ✅ Auto-restarted bot: Gold Panic Safe Haven H4 (b43bd638-2279-4cc3-bafd-0a33b57e0b1d)
[2m2026-03-02T08:54:59.687153Z[0m [32m INFO[0m [2maureum_backend::bot::runner[0m[2m:[0m 🤖 Bot Gold Panic Safe Haven H4 (b43bd638-2279-4cc3-bafd-0a33b57e0b1d) starting...
[2m2026-03-02T08:54:59.690595Z[0m [32m INFO[0m [2maureum_backend::bot::runner[0m[2m:[0m Bot Gold Risk-Off DXY Divergence H4 using timeframe: H4
[2m2026-03-02T08:54:59.690667Z[0m [32m INFO[0m [2maureum_backend::bot::runner[0m[2m:[0m ✅ Auto-restarted bot: Gold Risk-Off DXY Divergence H4 (3dd110ff-2090-4eec-ac95-bb560e3c16a9)
[2m2026-03-02T08:54:59.690719Z[0m [32m INFO[0m [2maureum_backend::bot::runner[0m[2m:[0m 🤖 Bot Gold Risk-Off DXY Divergence H4 (3dd110ff-2090-4eec-ac95-bb560e3c16a9) starting...
[2m2026-03-02T08:54:59.702089Z[0m [32m INFO[0m [2maureum_backend::bot::runner[0m[2m:[0m Bot Gold Panic Safe Haven H4 using cooldown: 300s
[2m2026-03-02T08:54:59.718564Z[0m [32m INFO[0m [2maureum_backend::bot::runner[0m[2m:[0m Bot Gold Risk-Off DXY Divergence H4 using cooldown: 300s
[2m2026-03-02T08:54:59.720032Z[0m [32m INFO[0m [2maureum_backend::bot::runner[0m[2m:[0m 💵 Account equity updated: $109821.49
[2m2026-03-02T08:54:59.721505Z[0m [32m INFO[0m [2maureum_backend::bot::runner[0m[2m:[0m Bot Quant Gold Momentum M5 using timeframe: M5
[2m2026-03-02T08:54:59.721534Z[0m [32m INFO[0m [2maureum_backend::bot::runner[0m[2m:[0m ✅ Auto-restarted bot: Quant Gold Momentum M5 (687222ae-58d5-42a1-bc99-18359a2bcba9)
[2m2026-03-02T08:54:59.721586Z[0m [32m INFO[0m [2maureum_backend::bot::runner[0m[2m:[0m 🤖 Bot Quant Gold Momentum M5 (687222ae-58d5-42a1-bc99-18359a2bcba9) starting...
[2m2026-03-02T08:54:59.736893Z[0m [32m INFO[0m [2maureum_backend::bot::runner[0m[2m:[0m Bot Quant Gold Momentum M5 using cooldown: 300s
[2m2026-03-02T08:54:59.738453Z[0m [32m INFO[0m [2maureum_backend::bot::runner[0m[2m:[0m 💵 Account equity updated: $109820.53
[2m2026-03-02T08:54:59.738573Z[0m [32m INFO[0m [2maureum_backend::bot::runner[0m[2m:[0m Bot London NY Gold Trend M5 using timeframe: M5
[2m2026-03-02T08:54:59.738601Z[0m [32m INFO[0m [2maureum_backend::bot::runner[0m[2m:[0m ✅ Auto-restarted bot: London NY Gold Trend M5 (34a21f35-01f0-4913-9980-b3ed9eba1a68)
[2m2026-03-02T08:54:59.738762Z[0m [32m INFO[0m [2maureum_backend::bot::runner[0m[2m:[0m 🤖 Bot London NY Gold Trend M5 (34a21f35-01f0-4913-9980-b3ed9eba1a68) starting...
[2m2026-03-02T08:54:59.754387Z[0m [32m INFO[0m [2maureum_backend::bot::runner[0m[2m:[0m Bot London NY Gold Trend M5 using cooldown: 300s
[2m2026-03-02T08:54:59.756665Z[0m [32m INFO[0m [2maureum_backend::bot::runner[0m[2m:[0m Bot GBP Stochastic M15 using timeframe: M15
[2m2026-03-02T08:54:59.756692Z[0m [32m INFO[0m [2maureum_backend::bot::runner[0m[2m:[0m ✅ Auto-restarted bot: GBP Stochastic M15 (ed8188c9-8a30-4dbc-8727-30cca56a115c)
[2m2026-03-02T08:54:59.756702Z[0m [32m INFO[0m [2maureum_backend::bot::runner[0m[2m:[0m 🤖 Bot GBP Stochastic M15 (ed8188c9-8a30-4dbc-8727-30cca56a115c) starting...
[2m2026-03-02T08:54:59.771621Z[0m [32m INFO[0m [2maureum_backend::bot::runner[0m[2m:[0m Bot GBP Stochastic M15 using cooldown: 300s
[2m2026-03-02T08:54:59.774341Z[0m [32m INFO[0m [2maureum_backend::bot::runner[0m[2m:[0m Bot NatGas Bollinger MR H1 using timeframe: H1
[2m2026-03-02T08:54:59.774379Z[0m [32m INFO[0m [2maureum_backend::bot::runner[0m[2m:[0m ✅ Auto-restarted bot: NatGas Bollinger MR H1 (615dd3e1-fc49-49c4-b2d8-26376cbb544e)
[2m2026-03-02T08:54:59.774390Z[0m [32m INFO[0m [2maureum_backend::bot::runner[0m[2m:[0m 🤖 Bot NatGas Bollinger MR H1 (615dd3e1-fc49-49c4-b2d8-26376cbb544e) starting...
[2m2026-03-02T08:54:59.790383Z[0m [32m INFO[0m [2maureum_backend::bot::runner[0m[2m:[0m Bot NatGas Bollinger MR H1 using cooldown: 300s
[2m2026-03-02T08:54:59.791564Z[0m [32m INFO[0m [2maureum_backend::bot::runner[0m[2m:[0m 💵 Account equity updated: $109820.53
[2m2026-03-02T08:54:59.791834Z[0m [32m INFO[0m [2maureum_backend::bot::runner[0m[2m:[0m Bot NatGas Bollinger MR M15 using timeframe: M15
[2m2026-03-02T08:54:59.791857Z[0m [32m INFO[0m [2maureum_backend::bot::runner[0m[2m:[0m ✅ Auto-restarted bot: NatGas Bollinger MR M15 (565efa73-a739-4f9c-818c-a4c822fbc77c)
[2m2026-03-02T08:54:59.791863Z[0m [32m INFO[0m [2maureum_backend::bot::runner[0m[2m:[0m 🤖 Auto-restart complete: 40/40 bots started
[2m2026-03-02T08:54:59.791865Z[0m [32m INFO[0m [2maureum_backend[0m[2m:[0m 🤖 Auto-restarted 40 bot(s) from previous session
[2m2026-03-02T08:54:59.826030Z[0m [32m INFO[0m [2maureum_backend[0m[2m:[0m Starting Aureum Backend on 0.0.0.0:8080
[2m2026-03-02T08:54:59.826293Z[0m [32m INFO[0m [2mactix_server::builder[0m[2m:[0m starting 2 workers
[2m2026-03-02T08:54:59.826301Z[0m [32m INFO[0m [2mactix_server::server[0m[2m:[0m Actix runtime found; starting in Actix runtime
[2m2026-03-02T08:54:59.826304Z[0m [32m INFO[0m [2mactix_server::server[0m[2m:[0m starting service: "actix-web-service-0.0.0.0:8080", workers: 2, listening on: 0.0.0.0:8080
[2m2026-03-02T08:54:59.863796Z[0m [32m INFO[0m [2maureum_backend::bot::runner[0m[2m:[0m 🤖 Bot NatGas Bollinger MR M15 (565efa73-a739-4f9c-818c-a4c822fbc77c) starting...
[2m2026-03-02T08:54:59.863839Z[0m [32m INFO[0m [2maureum_backend::mrate::scheduler[0m[2m:[0m 🚀 MRATE Scheduler starting (adaptive interval)
[2m2026-03-02T08:54:59.863844Z[0m [32m INFO[0m [2maureum_backend::mrate::scheduler[0m[2m:[0m ✓ FRED API key configured - real yield data available for gold trading
[2m2026-03-02T08:54:59.875681Z[0m [32m INFO[0m [2maureum_backend::macro_sentiment::polymarket[0m[2m:[0m Fetching fresh Polymarket markets (limit=500)
[2m2026-03-02T08:54:59.875972Z[0m [32m INFO[0m [2maureum_backend::intelligence::aggregator[0m[2m:[0m 🧠 Intelligence aggregator starting...
[2m2026-03-02T08:54:59.875981Z[0m [32m INFO[0m [2maureum_backend::intelligence::arb_scanner[0m[2m:[0m 🎯 Arb scanner starting...
[2m2026-03-02T08:54:59.875985Z[0m [32m INFO[0m [2maureum_backend::intelligence::whale_tracker[0m[2m:[0m 🐋 Whale tracker starting...
[2m2026-03-02T08:54:59.875988Z[0m [32m INFO[0m [2maureum_backend::intelligence::event_detector[0m[2m:[0m 🔔 Event detector starting...
[2m2026-03-02T08:54:59.875998Z[0m [32m INFO[0m [2maureum_backend::intelligence::markets[0m[2m:[0m Fetching Polymarket markets: https://gamma-api.polymarket.com/markets?active=true&closed=false&limit=200&order=volume&ascending=false
[2m2026-03-02T08:54:59.910039Z[0m [32m INFO[0m [2maureum_backend::macro_sentiment::polymarket[0m[2m:[0m Fetching fresh Polymarket markets (limit=500)
[2m2026-03-02T08:54:59.911105Z[0m [32m INFO[0m [2maureum_backend::bot::runner[0m[2m:[0m 💵 Account equity updated: $109820.63
[2m2026-03-02T08:54:59.933423Z[0m [32m INFO[0m [2maureum_backend::bot::runner[0m[2m:[0m Bot NatGas Bollinger MR M15 using cooldown: 300s
[2m2026-03-02T08:54:59.943464Z[0m [32m INFO[0m [2maureum_backend::feeds::vix[0m[2m:[0m VIX fetched: 24.57
[2m2026-03-02T08:54:59.962457Z[0m [32m INFO[0m [2maureum_backend::macro_sentiment::polymarket[0m[2m:[0m Fetched 500 total markets from Polymarket
[2m2026-03-02T08:54:59.962909Z[0m [32m INFO[0m [2maureum_backend::macro_sentiment::polymarket[0m[2m:[0m Found markets: 1 Fed, 186 BTC, 3 Econ
[2m2026-03-02T08:54:59.963065Z[0m [32m INFO[0m [2maureum_backend::macro_sentiment::polymarket[0m[2m:[0m Macro sentiment calculated: modifier=1.00, fed_uncertainty=0.00, btc_sentiment=-0.48
[2m2026-03-02T08:54:59.967827Z[0m [32m INFO[0m [2maureum_backend::intelligence::markets[0m[2m:[0m Polymarket returned 200 raw markets
[2m2026-03-02T08:54:59.967999Z[0m [32m INFO[0m [2maureum_backend::intelligence::markets[0m[2m:[0m Parsed 200 market cards
[2m2026-03-02T08:54:59.987026Z[0m [32m INFO[0m [2maureum_backend::macro_sentiment::polymarket[0m[2m:[0m Fetched 500 total markets from Polymarket
[2m2026-03-02T08:54:59.988780Z[0m [33m WARN[0m [2maureum_backend::intelligence::flights[0m[2m:[0m OpenSky returned status 429 Too Many Requests
[2m2026-03-02T08:55:00.023948Z[0m [32m INFO[0m [2maureum_backend::bot::runner[0m[2m:[0m 💵 Account equity updated: $109819.14
[2m2026-03-02T08:55:00.035337Z[0m [32m INFO[0m [2maureum_backend::bot::runner[0m[2m:[0m 💵 Account equity updated: $109819.14
[2m2026-03-02T08:55:00.074794Z[0m [32m INFO[0m [2maureum_backend::bot::runner[0m[2m:[0m 💵 Account equity updated: $109818.98
[2m2026-03-02T08:55:00.108783Z[0m [32m INFO[0m [2maureum_backend::bot::runner[0m[2m:[0m 💵 Account equity updated: $109818.89
[2m2026-03-02T08:55:00.120849Z[0m [32m INFO[0m [2maureum_backend::intelligence::scorer[0m[2m:[0m 🧠 Scores calculated for 6 instruments
[2m2026-03-02T08:55:00.137159Z[0m [32m INFO[0m [2maureum_backend::bot::runner[0m[2m:[0m 💵 Account equity updated: $109818.89
[2m2026-03-02T08:55:00.138433Z[0m [32m INFO[0m [2maureum_backend::bot::runner[0m[2m:[0m 💵 Account equity updated: $109818.89
[2m2026-03-02T08:55:00.191712Z[0m [32m INFO[0m [2maureum_backend::bot::runner[0m[2m:[0m 💵 Account equity updated: $109818.89
[2m2026-03-02T08:55:00.192462Z[0m [32m INFO[0m [2maureum_backend::intelligence::event_detector[0m[2m:[0m 🔔 4 intelligence events detected
[2m2026-03-02T08:55:00.193954Z[0m [32m INFO[0m [2maureum_backend::bot::runner[0m[2m:[0m 📊 Local ATR stops [INTRADAY]: ATR=0.00, SL mult=0.5x, TP mult=2.0x, Stop=0.0%, R:R=4.00
[2m2026-03-02T08:55:00.196697Z[0m [32m INFO[0m [2maureum_backend::broker::oanda[0m[2m:[0m Placing order: Object {"order": Object {"instrument": String("EUR_USD"), "positionFill": String("DEFAULT"), "stopLossOnFill": Object {"price": String("1.17")}, "takeProfitOnFill": Object {"price": String("1.17")}, "timeInForce": String("FOK"), "type": String("MARKET"), "units": String("-10000")}}
[2m2026-03-02T08:55:00.207438Z[0m [32m INFO[0m [2maureum_backend::bot::runner[0m[2m:[0m 💵 Account equity updated: $109818.73
[2m2026-03-02T08:55:00.213145Z[0m [32m INFO[0m [2maureum_backend::feeds::fear_greed[0m[2m:[0m Fear & Greed Index fetched: 10 (Extreme Fear)
[2m2026-03-02T08:55:00.232667Z[0m [32m INFO[0m [2maureum_backend::bot::runner[0m[2m:[0m 📊 Local ATR stops [SWING fallback]: ATR=0.27, SL mult=0.5x, TP mult=2.0x, Stop=0.1%, R:R=4.00
[2m2026-03-02T08:55:00.234575Z[0m [32m INFO[0m [2maureum_backend::broker::oanda[0m[2m:[0m Placing order: Object {"order": Object {"instrument": String("USD_JPY"), "positionFill": String("DEFAULT"), "stopLossOnFill": Object {"price": String("156.85")}, "takeProfitOnFill": Object {"price": String("157.51")}, "timeInForce": String("FOK"), "type": String("MARKET"), "units": String("10000")}}
[2m2026-03-02T08:55:00.236824Z[0m [32m INFO[0m [2maureum_backend::bot::runner[0m[2m:[0m 💵 Account equity updated: $109818.73
[2m2026-03-02T08:55:00.251474Z[0m [32m INFO[0m [2maureum_backend::bot::runner[0m[2m:[0m 💵 Account equity updated: $109818.73
[2m2026-03-02T08:55:00.264181Z[0m [32m INFO[0m [2maureum_backend::bot::runner[0m[2m:[0m 💵 Account equity updated: $109818.95
[2m2026-03-02T08:55:00.287723Z[0m [32m INFO[0m [2maureum_backend::bot::runner[0m[2m:[0m 💵 Account equity updated: $109818.76
[2m2026-03-02T08:55:00.288726Z[0m [32m INFO[0m [2maureum_backend::bot::runner[0m[2m:[0m 💵 Account equity updated: $109818.76
[2m2026-03-02T08:55:00.288752Z[0m [32m INFO[0m [2maureum_backend::bot::runner[0m[2m:[0m 💵 Account equity updated: $109818.76
[2m2026-03-02T08:55:00.289315Z[0m [32m INFO[0m [2maureum_backend::bot::runner[0m[2m:[0m 💵 Account equity updated: $109818.76
[2m2026-03-02T08:55:00.293784Z[0m [32m INFO[0m [2maureum_backend::bot::runner[0m[2m:[0m 💵 Account equity updated: $109818.76
[2m2026-03-02T08:55:00.302760Z[0m [32m INFO[0m [2maureum_backend::bot::runner[0m[2m:[0m 📊 Local ATR stops [INTRADAY]: ATR=0.13, SL mult=0.5x, TP mult=2.0x, Stop=0.0%, R:R=4.00
[2m2026-03-02T08:55:00.304981Z[0m [32m INFO[0m [2maureum_backend::broker::oanda[0m[2m:[0m Placing order: Object {"order": Object {"instrument": String("USD_JPY"), "positionFill": String("DEFAULT"), "stopLossOnFill": Object {"price": String("157.04")}, "takeProfitOnFill": Object {"price": String("157.37")}, "timeInForce": String("FOK"), "type": String("MARKET"), "units": String("10000")}}
[2m2026-03-02T08:55:00.305680Z[0m [32m INFO[0m [2maureum_backend::bot::runner[0m[2m:[0m 💵 Account equity updated: $109818.76
[2m2026-03-02T08:55:00.308155Z[0m [32m INFO[0m [2maureum_backend::bot::runner[0m[2m:[0m ✅ Order placed: OrderResponse { id: "10435", instrument: "EUR_USD", units: -10000, price: 0.0 }
[2m2026-03-02T08:55:00.310615Z[0m [32m INFO[0m [2maureum_backend::bot::runner[0m[2m:[0m 💵 Account equity updated: $109818.76
[2m2026-03-02T08:55:00.311169Z[0m [32m INFO[0m [2maureum_backend::bot::runner[0m[2m:[0m 💵 Account equity updated: $109818.76
[2m2026-03-02T08:55:00.318206Z[0m [32m INFO[0m [2maureum_backend::analytics::trailing_stop[0m[2m:[0m Trailing stop initialized for SHORT EUR_USD @ 1.17116 (SL: 1.171745, TP: 1.16882, ATR: 0.0011700000000000202)
[2m2026-03-02T08:55:00.318224Z[0m [32m INFO[0m [2maureum_backend::bot::runner[0m[2m:[0m 📏 Trailing stop initialized for trade 10435
[2m2026-03-02T08:55:00.320948Z[0m [32m INFO[0m [2maureum_backend::bot::runner[0m[2m:[0m 💵 Account equity updated: $109818.76
[2m2026-03-02T08:55:00.321071Z[0m [32m INFO[0m [2maureum_backend::bot::runner[0m[2m:[0m 📊 Trade context captured for learning
[2m2026-03-02T08:55:00.321077Z[0m [32m INFO[0m [2maureum_backend::risk::tracker[0m[2m:[0m 📊 Tracking new position: EUR_USD SHORT @ 1.17, notional: $11711.60
[2m2026-03-02T08:55:00.321081Z[0m [32m INFO[0m [2maureum_backend::bot::runner[0m[2m:[0m 🎯 Position recorded in risk engine: b21d002c-1827-4812-88fb-2aa6f1a935be (SELL @ 1.17)
[2m2026-03-02T08:55:00.333968Z[0m [32m INFO[0m [2maureum_backend::bot::runner[0m[2m:[0m 💵 Account equity updated: $109818.76
[2m2026-03-02T08:55:00.355833Z[0m [32m INFO[0m [2maureum_backend::bot::runner[0m[2m:[0m ✅ Order placed: OrderResponse { id: "10438", instrument: "USD_JPY", units: 10000, price: 156.988 }
[2m2026-03-02T08:55:00.361739Z[0m [32m INFO[0m [2maureum_backend::analytics::trailing_stop[0m[2m:[0m Trailing stop initialized for LONG USD_JPY @ 156.98 (SL: 156.8462857142857, TP: 157.51485714285712, ATR: 0.2674285714285714)
[2m2026-03-02T08:55:00.361771Z[0m [32m INFO[0m [2maureum_backend::bot::runner[0m[2m:[0m 📏 Trailing stop initialized for trade 10438
[2m2026-03-02T08:55:00.365122Z[0m [32m INFO[0m [2maureum_backend::bot::runner[0m[2m:[0m 📊 Trade context captured for learning
[2m2026-03-02T08:55:00.365144Z[0m [32m INFO[0m [2maureum_backend::risk::tracker[0m[2m:[0m 📊 Tracking new position: USD_JPY LONG @ 156.98, notional: $10000.00
[2m2026-03-02T08:55:00.365152Z[0m [32m INFO[0m [2maureum_backend::bot::runner[0m[2m:[0m 🎯 Position recorded in risk engine: c6ab8c43-cb40-4401-805e-a4f71e1ea027 (BUY @ 156.98)
[2m2026-03-02T08:55:00.399587Z[0m [32m INFO[0m [2maureum_backend::bot::runner[0m[2m:[0m 💵 Account equity updated: $109817.75
[2m2026-03-02T08:55:00.416858Z[0m [32m INFO[0m [2maureum_backend::bot::runner[0m[2m:[0m ✅ Order placed: OrderResponse { id: "10441", instrument: "USD_JPY", units: 10000, price: 0.0 }
[2m2026-03-02T08:55:00.430199Z[0m [32m INFO[0m [2maureum_backend::analytics::trailing_stop[0m[2m:[0m Trailing stop initialized for LONG USD_JPY @ 157.108 (SL: 157.04189285714287, TP: 157.37242857142857, ATR: 0.13221428571428767)
[2m2026-03-02T08:55:00.430245Z[0m [32m INFO[0m [2maureum_backend::bot::runner[0m[2m:[0m 📏 Trailing stop initialized for trade 10441
[2m2026-03-02T08:55:00.432228Z[0m [32m INFO[0m [2maureum_backend::bot::runner[0m[2m:[0m 💵 Account equity updated: $109817.75
[2m2026-03-02T08:55:00.432693Z[0m [32m INFO[0m [2maureum_backend::bot::runner[0m[2m:[0m 📊 Trade context captured for learning
[2m2026-03-02T08:55:00.432708Z[0m [32m INFO[0m [2maureum_backend::risk::tracker[0m[2m:[0m 📊 Tracking new position: USD_JPY LONG @ 157.11, notional: $10000.00
[2m2026-03-02T08:55:00.432714Z[0m [32m INFO[0m [2maureum_backend::bot::runner[0m[2m:[0m 🎯 Position recorded in risk engine: 2933e017-ba89-4e4a-be3b-25ac48b7a03d (BUY @ 157.11)
[2m2026-03-02T08:55:00.459957Z[0m [32m INFO[0m [2maureum_backend::bot::runner[0m[2m:[0m 💵 Account equity updated: $109817.75
[2m2026-03-02T08:55:00.468372Z[0m [32m INFO[0m [2maureum_backend::bot::runner[0m[2m:[0m 💵 Account equity updated: $109817.75
[2m2026-03-02T08:55:00.531271Z[0m [32m INFO[0m [2maureum_backend::feeds::dxy[0m[2m:[0m DXY fetched: 98.45 (change: 0.00%, 5d SMA: Some(97.88850021362305))
[2m2026-03-02T08:55:00.624443Z[0m [32m INFO[0m [2maureum_backend::bot::runner[0m[2m:[0m 💵 Account equity updated: $109817.52
[2m2026-03-02T08:55:00.688495Z[0m [32m INFO[0m [2maureum_backend::bot::runner[0m[2m:[0m 💵 Account equity updated: $109817.52
[2m2026-03-02T08:55:00.721204Z[0m [32m INFO[0m [2maureum_backend::feeds::fred[0m[2m:[0m Treasury yields fetched: 10Y=Some(4.02)%, Real=Some(1.74)%, 2Y=Some(3.42)%
[2m2026-03-02T08:55:00.740477Z[0m [33m WARN[0m [2maureum_backend::feeds::reddit_sentiment[0m[2m:[0m Reddit API returned 403 Forbidden for r/CryptoCurrency
[2m2026-03-02T08:55:00.749022Z[0m [33m WARN[0m [2maureum_backend::feeds::reddit_sentiment[0m[2m:[0m Reddit API returned 403 Forbidden for r/Bitcoin
[2m2026-03-02T08:55:00.753813Z[0m [33m WARN[0m [2maureum_backend::feeds::reddit_sentiment[0m[2m:[0m Reddit API returned 403 Forbidden for r/wallstreetbets
[2m2026-03-02T08:55:00.753842Z[0m [33m WARN[0m [2maureum_backend::feeds::reddit_sentiment[0m[2m:[0m No Reddit posts retrieved
[2m2026-03-02T08:55:00.811746Z[0m [32m INFO[0m [2maureum_backend::feeds::gld[0m[2m:[0m GLD volume: current=16742600, avg=19678700, ratio=0.85
[2m2026-03-02T08:55:00.822696Z[0m [32m INFO[0m [2maureum_backend::macro_sentiment::polymarket[0m[2m:[0m Fetching fresh Polymarket markets (limit=500)
[2m2026-03-02T08:55:00.855302Z[0m [32m INFO[0m [2maureum_backend::bot::runner[0m[2m:[0m 💵 Account equity updated: $109817.68
[2m2026-03-02T08:55:00.863322Z[0m [32m INFO[0m [2mactix_web::middleware::logger[0m[2m:[0m 127.0.0.1 "GET /health HTTP/1.1" 200 2 "-" "curl/8.15.0" 0.000119
[2m2026-03-02T08:55:00.868731Z[0m [32m INFO[0m [2mactix_web::middleware::logger[0m[2m:[0m 127.0.0.1 "GET /api/mrate/enabled HTTP/1.1" 200 17 "-" "curl/8.15.0" 0.000493
[2m2026-03-02T08:55:00.875457Z[0m [32m INFO[0m [2maureum_backend::macro_sentiment::polymarket[0m[2m:[0m Fetched 500 total markets from Polymarket
[2m2026-03-02T08:55:00.875808Z[0m [32m INFO[0m [2maureum_backend::macro_sentiment::polymarket[0m[2m:[0m Found markets: 1 Fed, 186 BTC, 3 Econ
[2m2026-03-02T08:55:00.875911Z[0m [32m INFO[0m [2maureum_backend::macro_sentiment::polymarket[0m[2m:[0m Macro sentiment calculated: modifier=1.00, fed_uncertainty=0.00, btc_sentiment=-0.48
[2m2026-03-02T08:55:00.887298Z[0m [32m INFO[0m [2maureum_backend::news::alphavantage[0m[2m:[0m Fetching news sentiment from Alpha Vantage
[2m2026-03-02T08:55:00.942791Z[0m [32m INFO[0m [2maureum_backend::bot::runner[0m[2m:[0m 💵 Account equity updated: $109817.68
[2m2026-03-02T08:55:00.964591Z[0m [32m INFO[0m [2maureum_backend::bot::runner[0m[2m:[0m 💵 Account equity updated: $109817.68
[2m2026-03-02T08:55:00.984567Z[0m [33m WARN[0m [2maureum_backend::news::alphavantage[0m[2m:[0m Alpha Vantage info: We have detected your API key as CD8LFV8544GTBT07 and our standard API rate limit is 25 requests per day. Please subscribe to any of the premium plans at https://www.alphavantage.co/premium/ to instantly remove all daily rate limits.
[2m2026-03-02T08:55:00.984617Z[0m [33m WARN[0m [2maureum_backend::news::alphavantage[0m[2m:[0m Alpha Vantage sentiment fetch failed: Alpha Vantage: We have detected your API key as CD8LFV8544GTBT07 and our standard API rate limit is 25 requests per day. Please subscribe to any of the premium plans at https://www.alphavantage.co/premium/ to instantly remove all daily rate limits.
[2m2026-03-02T08:55:01.011136Z[0m [33m WARN[0m [2maureum_backend::intelligence::rss_ingest[0m[2m:[0m RSS: politico_rss — HTTP 403 Forbidden
[2m2026-03-02T08:55:01.027047Z[0m [32m INFO[0m [2maureum_backend::intelligence::market_movers[0m[2m:[0m Market snapshot: stored 400 outcomes from 200 markets
[2m2026-03-02T08:55:01.028225Z[0m [32m INFO[0m [2maureum_backend::intelligence::markets[0m[2m:[0m Fetching Polymarket markets: https://gamma-api.polymarket.com/markets?active=true&closed=false&limit=200&order=volume&ascending=false
[2m2026-03-02T08:55:01.068669Z[0m [32m INFO[0m [2maureum_backend::intelligence::markets[0m[2m:[0m Polymarket returned 200 raw markets
[2m2026-03-02T08:55:01.068910Z[0m [32m INFO[0m [2maureum_backend::intelligence::markets[0m[2m:[0m Parsed 200 market cards
[2m2026-03-02T08:55:01.104138Z[0m [33m WARN[0m [2maureum_backend::news::newsapi[0m[2m:[0m NewsAPI fetch failed: NewsAPI error: rateLimited - You have made too many requests recently. Developer accounts are limited to 100 requests over a 24 hour period (50 requests available every 12 hours). Please upgrade to a paid plan if you need more requests.
[2m2026-03-02T08:55:01.114905Z[0m [32m INFO[0m [2maureum_backend::news::finnhub[0m[2m:[0m Fetching economic calendar from Finnhub
[2m2026-03-02T08:55:01.214555Z[0m [31mERROR[0m [2maureum_backend::news::finnhub[0m[2m:[0m Finnhub economic calendar error: 401 Unauthorized - {"error":"Invalid API key"}
[2m2026-03-02T08:55:01.267012Z[0m [32m INFO[0m [2maureum_backend::intelligence::aggregator[0m[2m:[0m 🧠 Intelligence: collected 10 feed snapshots
[2m2026-03-02T08:55:01.367117Z[0m [32m INFO[0m [2maureum_backend::bot::runner[0m[2m:[0m 💵 Account equity updated: $109818.01
[2m2026-03-02T08:55:01.711905Z[0m [32m INFO[0m [2maureum_backend::bot::runner[0m[2m:[0m 💵 Account equity updated: $109817.54
[2m2026-03-02T08:55:01.746982Z[0m [32m INFO[0m [2maureum_backend::bot::runner[0m[2m:[0m 💵 Account equity updated: $109817.54
[2m2026-03-02T08:55:01.752250Z[0m [32m INFO[0m [2maureum_backend::bot::runner[0m[2m:[0m 💵 Account equity updated: $109817.54
[2m2026-03-02T08:55:01.883887Z[0m [32m INFO[0m [2maureum_backend::bot::runner[0m[2m:[0m 💵 Account equity updated: $109818.48
[2m2026-03-02T08:55:02.526446Z[0m [32m INFO[0m [2maureum_backend::intelligence::market_movers[0m[2m:[0m Market snapshot: stored 400 outcomes from 200 markets
[2m2026-03-02T08:55:03.662999Z[0m [32m INFO[0m [2maureum_backend::feeds::vix[0m[2m:[0m VIX fetched: 24.57
[2m2026-03-02T08:55:03.828233Z[0m [32m INFO[0m [2maureum_backend::feeds::fred[0m[2m:[0m Treasury yields fetched: 10Y=Some(4.02)%, Real=Some(1.74)%, 2Y=Some(3.42)%
[2m2026-03-02T08:55:03.828275Z[0m [32m INFO[0m [2maureum_backend::feeds::dxy[0m[2m:[0m DXY: Using cached value
[2m2026-03-02T08:55:03.828308Z[0m [32m INFO[0m [2maureum_backend::feeds::fear_greed[0m[2m:[0m Fear & Greed: Using cached value
[2m2026-03-02T08:55:04.092690Z[0m [32m INFO[0m [2maureum_backend::intelligence::rss_ingest[0m[2m:[0m 📰 RSS: 30 sources → 35 new posts
[2m2026-03-02T08:55:04.096266Z[0m [32m INFO[0m [2maureum_backend::intelligence::feed[0m[2m:[0m 🔄 Telegram feed ingestion: 50 sources
[2m2026-03-02T08:55:04.161734Z[0m [32m INFO[0m [2maureum_backend::intelligence::feed[0m[2m:[0m 📨 1 new posts from @africaintelligence
[2m2026-03-02T08:55:04.218467Z[0m [32m INFO[0m [2maureum_backend::feeds::crypto[0m[2m:[0m Crypto data fetched: Stablecoin dom=11.02%, BTC dom=Some(56.19506858988936)%
[2m2026-03-02T08:55:04.328635Z[0m [33m WARN[0m [2maureum_backend::news::newsapi[0m[2m:[0m NewsAPI fetch failed: NewsAPI error: rateLimited - You have made too many requests recently. Developer accounts are limited to 100 requests over a 24 hour period (50 requests available every 12 hours). Please upgrade to a paid plan if you need more requests.
[2m2026-03-02T08:55:04.335091Z[0m [33m WARN[0m [2maureum_backend::feeds::reddit_sentiment[0m[2m:[0m Reddit API returned 403 Forbidden for r/CryptoCurrency
[2m2026-03-02T08:55:04.340499Z[0m [33m WARN[0m [2maureum_backend::feeds::reddit_sentiment[0m[2m:[0m Reddit API returned 403 Forbidden for r/Bitcoin
[2m2026-03-02T08:55:04.341426Z[0m [32m INFO[0m [2maureum_backend::intelligence::feed[0m[2m:[0m 📨 7 new posts from @astrapress
[2m2026-03-02T08:55:04.345609Z[0m [33m WARN[0m [2maureum_backend::feeds::reddit_sentiment[0m[2m:[0m Reddit API returned 403 Forbidden for r/wallstreetbets
[2m2026-03-02T08:55:04.345627Z[0m [33m WARN[0m [2maureum_backend::feeds::reddit_sentiment[0m[2m:[0m No Reddit posts retrieved
[2m2026-03-02T08:55:04.345631Z[0m [33m WARN[0m [2maureum_backend::mrate::engine[0m[2m:[0m Reddit sentiment fetch failed - proceeding without Reddit data
[2m2026-03-02T08:55:04.376112Z[0m [32m INFO[0m [2maureum_backend::feeds::calendar[0m[2m:[0m Using static calendar fallback
[2m2026-03-02T08:55:04.402327Z[0m [32m INFO[0m [2maureum_backend::feeds::calendar[0m[2m:[0m Using static calendar fallback
[2m2026-03-02T08:55:04.402394Z[0m [32m INFO[0m [2maureum_backend::mrate::engine[0m[2m:[0m MRATE: regime=Choppy, liq=29, risk=54, unc=22, mult=1.28, top_instruments=[NATGAS_USD: 55, EUR_USD: 51, USD_JPY: 50], degraded=false
[2m2026-03-02T08:55:04.457403Z[0m [32m INFO[0m [2maureum_backend::intelligence::feed[0m[2m:[0m 📨 9 new posts from @bloomberg
[2m2026-03-02T08:55:04.658444Z[0m [32m INFO[0m [2maureum_backend::intelligence::feed[0m[2m:[0m 📨 9 new posts from @clashreport
[2m2026-03-02T08:55:04.768447Z[0m [32m INFO[0m [2maureum_backend::intelligence::feed[0m[2m:[0m 📨 7 new posts from @CryptoWhaleAlerts
[2m2026-03-02T08:55:04.868659Z[0m [32m INFO[0m [2maureum_backend::intelligence::feed[0m[2m:[0m 📨 9 new posts from @disclosetv
[2m2026-03-02T08:55:04.989363Z[0m [32m INFO[0m [2maureum_backend::intelligence::feed[0m[2m:[0m 📨 9 new posts from @fxstreet
[2m2026-03-02T08:55:05.055600Z[0m [32m INFO[0m [2maureum_backend::intelligence::feed[0m[2m:[0m 📨 9 new posts from @FlashNewsX
[2m2026-03-02T08:55:05.124647Z[0m [32m INFO[0m [2maureum_backend::intelligence::feed[0m[2m:[0m 📨 1 new posts from @geopolitics_live
[2m2026-03-02T08:55:05.250853Z[0m [33m WARN[0m [2maureum_backend::mrate::scheduler[0m[2m:[0m ⚠️ 4 of 7 positions need attention (regime alignment: 0%)
[2m2026-03-02T08:55:05.363574Z[0m [32m INFO[0m [2maureum_backend::intelligence::feed[0m[2m:[0m 📨 9 new posts from @IntelRepublic
[2m2026-03-02T08:55:05.367240Z[0m [32m INFO[0m [2maureum_backend::mrate::scheduler[0m[2m:[0m 🧠 Adaptation cycle: 6 proposals, 0 auto-applied across 40 active bots
[2m2026-03-02T08:55:05.392593Z[0m [32m INFO[0m [2maureum_backend::analytics::correlation[0m[2m:[0m Correlation: Updated 15 instrument pairs
[2m2026-03-02T08:55:05.392628Z[0m [32m INFO[0m [2maureum_backend::mrate::scheduler[0m[2m:[0m 📊 AI Brain: Updated 15 correlation pairs
[2m2026-03-02T08:55:05.392631Z[0m [32m INFO[0m [2maureum_backend::mrate::scheduler[0m[2m:[0m 📊 MRATE updated: CHOPPY | Liq=29 Risk=54 Unc=22 | Mult=1.28x
[2m2026-03-02T08:55:05.456384Z[0m [32m INFO[0m [2maureum_backend::intelligence::feed[0m[2m:[0m 📨 9 new posts from @intelslava
[2m2026-03-02T08:55:05.566190Z[0m [32m INFO[0m [2maureum_backend::intelligence::feed[0m[2m:[0m 📨 9 new posts from @liveuamap
[2m2026-03-02T08:55:05.698972Z[0m [32m INFO[0m [2maureum_backend::intelligence::feed[0m[2m:[0m 📨 9 new posts from @marketsmayhem
[2m2026-03-02T08:55:05.933140Z[0m [32m INFO[0m [2maureum_backend::intelligence::feed[0m[2m:[0m 📨 9 new posts from @militarysummary
[2m2026-03-02T08:55:06.179949Z[0m [32m INFO[0m [2maureum_backend::intelligence::feed[0m[2m:[0m 📨 9 new posts from @nexta_live
[2m2026-03-02T08:55:06.267204Z[0m [32m INFO[0m [2maureum_backend::intelligence::feed[0m[2m:[0m 📨 9 new posts from @OSINTtechnical
[2m2026-03-02T08:55:06.478078Z[0m [32m INFO[0m [2maureum_backend::intelligence::feed[0m[2m:[0m 📨 9 new posts from @PalestineChronicle
[2m2026-03-02T08:55:06.551320Z[0m [32m INFO[0m [2maureum_backend::intelligence::feed[0m[2m:[0m 📨 9 new posts from @polymarketupdates
[2m2026-03-02T08:55:06.656866Z[0m [32m INFO[0m [2maureum_backend::intelligence::feed[0m[2m:[0m 📨 9 new posts from @realvisionfinance
[2m2026-03-02T08:55:06.773304Z[0m [32m INFO[0m [2maureum_backend::intelligence::feed[0m[2m:[0m 📨 9 new posts from @rybar_en
[2m2026-03-02T08:55:06.808190Z[0m [32m INFO[0m [2maureum_backend::intelligence::feed[0m[2m:[0m 📨 1 new posts from @Semafor
[2m2026-03-02T08:55:06.904458Z[0m [32m INFO[0m [2maureum_backend::intelligence::feed[0m[2m:[0m 📨 9 new posts from @scmpnews
[2m2026-03-02T08:55:06.959553Z[0m [32m INFO[0m [2maureum_backend::intelligence::feed[0m[2m:[0m 📨 9 new posts from @spectatorindex
[2m2026-03-02T08:55:07.139001Z[0m [32m INFO[0m [2maureum_backend::intelligence::feed[0m[2m:[0m 📨 9 new posts from @Walter_Bloomberg
[2m2026-03-02T08:55:07.250532Z[0m [32m INFO[0m [2maureum_backend::intelligence::feed[0m[2m:[0m 📨 9 new posts from @WarMonitor
[2m2026-03-02T08:55:07.373359Z[0m [32m INFO[0m [2maureum_backend::intelligence::feed[0m[2m:[0m 📨 9 new posts from @wartranslated
[2m2026-03-02T08:55:07.449046Z[0m [32m INFO[0m [2maureum_backend::intelligence::feed[0m[2m:[0m 📨 9 new posts from @whale_alert
[2m2026-03-02T08:55:07.593339Z[0m [33m WARN[0m [2maureum_backend::intelligence::feed[0m[2m:[0m NewsAPI us returned 429 Too Many Requests
[2m2026-03-02T08:55:07.685122Z[0m [33m WARN[0m [2maureum_backend::intelligence::feed[0m[2m:[0m NewsAPI gb returned 429 Too Many Requests
[2m2026-03-02T08:55:07.781143Z[0m [33m WARN[0m [2maureum_backend::intelligence::feed[0m[2m:[0m NewsAPI de returned 429 Too Many Requests
[2m2026-03-02T08:55:07.871530Z[0m [33m WARN[0m [2maureum_backend::intelligence::feed[0m[2m:[0m NewsAPI fr returned 429 Too Many Requests
[2m2026-03-02T08:55:07.963895Z[0m [33m WARN[0m [2maureum_backend::intelligence::feed[0m[2m:[0m NewsAPI in returned 429 Too Many Requests
[2m2026-03-02T08:55:08.060306Z[0m [33m WARN[0m [2maureum_backend::intelligence::feed[0m[2m:[0m NewsAPI jp returned 429 Too Many Requests
[2m2026-03-02T08:55:08.150234Z[0m [33m WARN[0m [2maureum_backend::intelligence::feed[0m[2m:[0m NewsAPI il returned 429 Too Many Requests
[2m2026-03-02T08:55:08.241559Z[0m [33m WARN[0m [2maureum_backend::intelligence::feed[0m[2m:[0m NewsAPI ua returned 429 Too Many Requests
[2m2026-03-02T08:55:08.337742Z[0m [33m WARN[0m [2maureum_backend::intelligence::feed[0m[2m:[0m NewsAPI sa returned 429 Too Many Requests
[2m2026-03-02T08:55:08.427531Z[0m [33m WARN[0m [2maureum_backend::intelligence::feed[0m[2m:[0m NewsAPI cn returned 429 Too Many Requests
[2m2026-03-02T08:55:08.519580Z[0m [33m WARN[0m [2maureum_backend::intelligence::feed[0m[2m:[0m NewsAPI br returned 429 Too Many Requests
[2m2026-03-02T08:55:08.616266Z[0m [33m WARN[0m [2maureum_backend::intelligence::feed[0m[2m:[0m NewsAPI za returned 429 Too Many Requests
[2m2026-03-02T08:55:08.707044Z[0m [33m WARN[0m [2maureum_backend::intelligence::feed[0m[2m:[0m NewsAPI ru returned 429 Too Many Requests
[2m2026-03-02T08:55:08.799412Z[0m [33m WARN[0m [2maureum_backend::intelligence::feed[0m[2m:[0m NewsAPI au returned 429 Too Many Requests
[2m2026-03-02T08:55:08.895874Z[0m [33m WARN[0m [2maureum_backend::intelligence::feed[0m[2m:[0m NewsAPI ca returned 429 Too Many Requests
[2m2026-03-02T08:55:12.482299Z[0m [32m INFO[0m [2mactix_web::middleware::logger[0m[2m:[0m 172.31.24.194 "GET /api/health HTTP/1.1" 404 0 "-" "ELB-HealthChecker/2.0" 0.000055
[2m2026-03-02T08:55:27.790008Z[0m [32m INFO[0m [2mactix_web::middleware::logger[0m[2m:[0m 172.31.15.48 "GET /api/health HTTP/1.1" 404 0 "-" "ELB-HealthChecker/2.0" 0.000059
[2m2026-03-02T08:55:29.607254Z[0m [32m INFO[0m [2maureum_backend::bot::runner[0m[2m:[0m 🔄 Found 1 orphaned trade_context records, reconciling...
[2m2026-03-02T08:55:29.888291Z[0m [32m INFO[0m [2maureum_backend::macro_sentiment::polymarket[0m[2m:[0m Fetching fresh Polymarket markets (limit=500)
[2m2026-03-02T08:55:29.935406Z[0m [32m INFO[0m [2maureum_backend::macro_sentiment::polymarket[0m[2m:[0m Fetched 500 total markets from Polymarket
[2m2026-03-02T08:55:30.286865Z[0m [32m INFO[0m [2maureum_backend::bot::runner[0m[2m:[0m 🔄 Found 1 orphaned trade_context records, reconciling...
[2m2026-03-02T08:55:32.778510Z[0m [33m WARN[0m [2maureum_backend::bot::runner[0m[2m:[0m ⚠️ Trade 10435 not found in OANDA history, marked as closed
[2m2026-03-02T08:55:34.357109Z[0m [33m WARN[0m [2maureum_backend::bot::runner[0m[2m:[0m ⚠️ Trade 10441 not found in OANDA history, marked as closed
[2m2026-03-02T08:55:42.513152Z[0m [32m INFO[0m [2mactix_web::middleware::logger[0m[2m:[0m 172.31.24.194 "GET /api/health HTTP/1.1" 404 0 "-" "ELB-HealthChecker/2.0" 0.000058
[2m2026-03-02T08:55:57.812598Z[0m [32m INFO[0m [2mactix_web::middleware::logger[0m[2m:[0m 172.31.15.48 "GET /api/health HTTP/1.1" 404 0 "-" "ELB-HealthChecker/2.0" 0.000059
[2m2026-03-02T08:55:58.542313Z[0m [32m INFO[0m [2mactix_web::middleware::logger[0m[2m:[0m 172.31.15.48 "GET /api/risk/status HTTP/1.1" 200 742 "https://app.project-bubblegum.shop/" "Mozilla/5.0 (Macintosh; Intel Mac OS X 10_15_7) AppleWebKit/537.36 (KHTML, like Gecko) Chrome/145.0.0.0 Safari/537.36" 0.000098
[2m2026-03-02T08:55:58.582079Z[0m [32m INFO[0m [2mactix_web::middleware::logger[0m[2m:[0m 172.31.15.48 "GET /api/bots HTTP/1.1" 200 27387 "https://app.project-bubblegum.shop/" "Mozilla/5.0 (Macintosh; Intel Mac OS X 10_15_7) AppleWebKit/537.36 (KHTML, like Gecko) Chrome/145.0.0.0 Safari/537.36" 0.040292
[2m2026-03-02T08:55:58.636210Z[0m [32m INFO[0m [2mactix_web::middleware::logger[0m[2m:[0m 172.31.15.48 "GET /api/bots HTTP/1.1" 200 27387 "https://app.project-bubblegum.shop/" "Mozilla/5.0 (Macintosh; Intel Mac OS X 10_15_7) AppleWebKit/537.36 (KHTML, like Gecko) Chrome/145.0.0.0 Safari/537.36" 0.024985
[2m2026-03-02T08:55:58.665172Z[0m [32m INFO[0m [2mactix_web::middleware::logger[0m[2m:[0m 172.31.15.48 "GET /api/trading/positions HTTP/1.1" 200 651 "https://app.project-bubblegum.shop/" "Mozilla/5.0 (Macintosh; Intel Mac OS X 10_15_7) AppleWebKit/537.36 (KHTML, like Gecko) Chrome/145.0.0.0 Safari/537.36" 0.123287
[2m2026-03-02T08:55:58.677146Z[0m [32m INFO[0m [2mactix_web::middleware::logger[0m[2m:[0m 172.31.15.48 "GET /api/strategies HTTP/1.1" 200 20866 "https://app.project-bubblegum.shop/" "Mozilla/5.0 (Macintosh; Intel Mac OS X 10_15_7) AppleWebKit/537.36 (KHTML, like Gecko) Chrome/145.0.0.0 Safari/537.36" 0.001863
[2m2026-03-02T08:55:58.826167Z[0m [32m INFO[0m [2mactix_web::middleware::logger[0m[2m:[0m 172.31.15.48 "GET /api/trading/trades/open HTTP/1.1" 200 1569 "https://app.project-bubblegum.shop/" "Mozilla/5.0 (Macintosh; Intel Mac OS X 10_15_7) AppleWebKit/537.36 (KHTML, like Gecko) Chrome/145.0.0.0 Safari/537.36" 0.130873
[2m2026-03-02T08:55:58.857298Z[0m [32m INFO[0m [2mactix_web::middleware::logger[0m[2m:[0m 172.31.15.48 "GET /api/market-data/price/XAUUSD HTTP/1.1" 500 138 "https://app.project-bubblegum.shop/" "Mozilla/5.0 (Macintosh; Intel Mac OS X 10_15_7) AppleWebKit/537.36 (KHTML, like Gecko) Chrome/145.0.0.0 Safari/537.36" 0.127161
[2m2026-03-02T08:55:59.014471Z[0m [32m INFO[0m [2mactix_web::middleware::logger[0m[2m:[0m 172.31.15.48 "GET /api/market-data/price/NAS100USD HTTP/1.1" 200 117 "https://app.project-bubblegum.shop/" "Mozilla/5.0 (Macintosh; Intel Mac OS X 10_15_7) AppleWebKit/537.36 (KHTML, like Gecko) Chrome/145.0.0.0 Safari/537.36" 0.127963
[2m2026-03-02T08:55:59.160878Z[0m [32m INFO[0m [2mactix_web::middleware::logger[0m[2m:[0m 172.31.15.48 "GET /api/market-data/price/USDJPY HTTP/1.1" 200 132 "https://app.project-bubblegum.shop/" "Mozilla/5.0 (Macintosh; Intel Mac OS X 10_15_7) AppleWebKit/537.36 (KHTML, like Gecko) Chrome/145.0.0.0 Safari/537.36" 0.120536
[2m2026-03-02T08:55:59.315701Z[0m [32m INFO[0m [2mactix_web::middleware::logger[0m[2m:[0m 172.31.15.48 "GET /api/market-data/price/EURUSD HTTP/1.1" 200 134 "https://app.project-bubblegum.shop/" "Mozilla/5.0 (Macintosh; Intel Mac OS X 10_15_7) AppleWebKit/537.36 (KHTML, like Gecko) Chrome/145.0.0.0 Safari/537.36" 0.120938
[2m2026-03-02T08:55:59.463628Z[0m [32m INFO[0m [2mactix_web::middleware::logger[0m[2m:[0m 172.31.15.48 "GET /api/market-data/price/BTCUSD HTTP/1.1" 200 115 "https://app.project-bubblegum.shop/" "Mozilla/5.0 (Macintosh; Intel Mac OS X 10_15_7) AppleWebKit/537.36 (KHTML, like Gecko) Chrome/145.0.0.0 Safari/537.36" 0.118603
[2m2026-03-02T08:55:59.510189Z[0m [32m INFO[0m [2maureum_backend::bot::runner[0m[2m:[0m 📊 Trade 10356 closed: STOP_LOSS @ 5394.78, PnL: -36.36 (LOSS)
[2m2026-03-02T08:55:59.514137Z[0m [33m WARN[0m [2maureum_backend::risk::engine[0m[2m:[0m No open position found for XAU_USD (bot 44e89400-ca87-41d0-86fe-5efc94cd5fe1), but recording P&L anyway
[2m2026-03-02T08:55:59.514155Z[0m [32m INFO[0m [2maureum_backend::risk::engine[0m[2m:[0m 💰 Trade closed: P&L $-36.36, Daily: $-38.66, Consecutive losses: 2
[2m2026-03-02T08:55:59.514163Z[0m [32m INFO[0m [2maureum_backend::bot::runner[0m[2m:[0m 🔴 Position closed in risk engine: XAU_USD (PnL: -36.36)
[2m2026-03-02T08:55:59.516700Z[0m [32m INFO[0m [2maureum_backend::analytics::ensemble[0m[2m:[0m Ensemble: Recorded loss for cluster unknown_XAU_USD (pattern: 8960c1b711cca65e, pnl: -36.36)
[2m2026-03-02T08:55:59.516714Z[0m [32m INFO[0m [2maureum_backend::bot::runner[0m[2m:[0m 🧠 Ensemble: Recorded loss for unknown_XAU_USD cluster (regime: NO_MRATE, pnl: -36.36)
[2m2026-03-02T08:55:59.639472Z[0m [32m INFO[0m [2mactix_web::middleware::logger[0m[2m:[0m 172.31.15.48 "GET /api/market-data/price/GBPUSD HTTP/1.1" 200 133 "https://app.project-bubblegum.shop/" "Mozilla/5.0 (Macintosh; Intel Mac OS X 10_15_7) AppleWebKit/537.36 (KHTML, like Gecko) Chrome/145.0.0.0 Safari/537.36" 0.143255
[2m2026-03-02T08:55:59.683202Z[0m [32m INFO[0m [2maureum_backend::bot::runner[0m[2m:[0m 📊 Local ATR stops [INTRADAY]: ATR=13.29, SL mult=0.5x, TP mult=2.0x, Stop=0.1%, R:R=4.00
[2m2026-03-02T08:55:59.685318Z[0m [32m INFO[0m [2maureum_backend::broker::oanda[0m[2m:[0m Placing order: Object {"order": Object {"instrument": String("XAU_USD"), "positionFill": String("DEFAULT"), "stopLossOnFill": Object {"price": String("5395.13")}, "takeProfitOnFill": Object {"price": String("5428.36")}, "timeInForce": String("FOK"), "type": String("MARKET"), "units": String("10")}}
[2m2026-03-02T08:55:59.812539Z[0m [32m INFO[0m [2maureum_backend::bot::runner[0m[2m:[0m ✅ Order placed: OrderResponse { id: "10448", instrument: "XAU_USD", units: 10, price: 5396.33 }
[2m2026-03-02T08:55:59.814995Z[0m [32m INFO[0m [2mactix_web::middleware::logger[0m[2m:[0m 172.31.15.48 "GET /api/market-data/price/NATGASUSD HTTP/1.1" 200 141 "https://app.project-bubblegum.shop/" "Mozilla/5.0 (Macintosh; Intel Mac OS X 10_15_7) AppleWebKit/537.36 (KHTML, like Gecko) Chrome/145.0.0.0 Safari/537.36" 0.147995
[2m2026-03-02T08:55:59.819375Z[0m [32m INFO[0m [2maureum_backend::analytics::trailing_stop[0m[2m:[0m Trailing stop initialized for LONG XAU_USD @ 5401.78 (SL: 5395.134821428571, TP: 5428.3607142857145, ATR: 13.290357142857308)
[2m2026-03-02T08:55:59.819402Z[0m [32m INFO[0m [2maureum_backend::bot::runner[0m[2m:[0m 📏 Trailing stop initialized for trade 10448
[2m2026-03-02T08:55:59.822406Z[0m [32m INFO[0m [2maureum_backend::bot::runner[0m[2m:[0m 📊 Trade context captured for learning
[2m2026-03-02T08:55:59.822426Z[0m [32m INFO[0m [2maureum_backend::risk::tracker[0m[2m:[0m 📊 Tracking new position: XAU_USD LONG @ 5401.78, notional: $54017.80
[2m2026-03-02T08:55:59.822450Z[0m [32m INFO[0m [2maureum_backend::bot::runner[0m[2m:[0m 🎯 Position recorded in risk engine: 3e23093a-05e4-49d6-83b9-5d7d0132ef82 (BUY @ 5401.78)
[2m2026-03-02T08:55:59.888462Z[0m [32m INFO[0m [2maureum_backend::macro_sentiment::polymarket[0m[2m:[0m Fetching fresh Polymarket markets (limit=500)
[2m2026-03-02T08:55:59.912096Z[0m [33m WARN[0m [2maureum_backend::intelligence::flights[0m[2m:[0m OpenSky returned status 429 Too Many Requests
[2m2026-03-02T08:55:59.930741Z[0m [32m INFO[0m [2maureum_backend::macro_sentiment::polymarket[0m[2m:[0m Fetched 500 total markets from Polymarket
[2m2026-03-02T08:55:59.985280Z[0m [32m INFO[0m [2mactix_web::middleware::logger[0m[2m:[0m 172.31.15.48 "GET /api/market-data/price/WTICOUSD HTTP/1.1" 200 129 "https://app.project-bubblegum.shop/" "Mozilla/5.0 (Macintosh; Intel Mac OS X 10_15_7) AppleWebKit/537.36 (KHTML, like Gecko) Chrome/145.0.0.0 Safari/537.36" 0.134235
[2m2026-03-02T08:56:00.191562Z[0m [33m WARN[0m [2maureum_backend::bot::runner[0m[2m:[0m Failed to get price for XAU_USD: Internal error: Failed to parse response: error decoding response body: invalid type: floating point `90.0`, expected i64 at line 1 column 461
[2m2026-03-02T08:56:00.221892Z[0m [33m WARN[0m [2maureum_backend::bot::runner[0m[2m:[0m Failed to get price for XAU_USD: Internal error: Failed to parse response: error decoding response body: invalid type: floating point `90.0`, expected i64 at line 1 column 461
[2m2026-03-02T08:56:00.268380Z[0m [33m WARN[0m [2maureum_backend::bot::runner[0m[2m:[0m Failed to get price for XAU_USD: Internal error: Failed to parse response: error decoding response body: invalid type: floating point `90.0`, expected i64 at line 1 column 461
[2m2026-03-02T08:56:00.307609Z[0m [33m WARN[0m [2maureum_backend::bot::runner[0m[2m:[0m Failed to get price for XAU_USD: Internal error: Failed to parse response: error decoding response body: invalid type: floating point `90.0`, expected i64 at line 1 column 461
[2m2026-03-02T08:56:00.318683Z[0m [33m WARN[0m [2maureum_backend::bot::runner[0m[2m:[0m Failed to get price for XAU_USD: Internal error: Failed to parse response: error decoding response body: invalid type: floating point `90.0`, expected i64 at line 1 column 461
[2m2026-03-02T08:56:00.368605Z[0m [33m WARN[0m [2maureum_backend::bot::runner[0m[2m:[0m Failed to get price for XAU_USD: Internal error: Failed to parse response: error decoding response body: invalid type: floating point `90.0`, expected i64 at line 1 column 461
[2m2026-03-02T08:56:00.389564Z[0m [33m WARN[0m [2maureum_backend::bot::runner[0m[2m:[0m Failed to get price for XAU_USD: Internal error: Failed to parse response: error decoding response body: invalid type: floating point `90.0`, expected i64 at line 1 column 461
[2m2026-03-02T08:56:00.422665Z[0m [33m WARN[0m [2maureum_backend::bot::runner[0m[2m:[0m Failed to get price for XAU_USD: Internal error: Failed to parse response: error decoding response body: invalid type: floating point `90.0`, expected i64 at line 1 column 461
[2m2026-03-02T08:56:00.425355Z[0m [33m WARN[0m [2maureum_backend::bot::runner[0m[2m:[0m Failed to get price for XAU_USD: Internal error: Failed to parse response: error decoding response body: invalid type: floating point `90.0`, expected i64 at line 1 column 461
[2m2026-03-02T08:56:00.435821Z[0m [33m WARN[0m [2maureum_backend::bot::runner[0m[2m:[0m Failed to get price for XAU_USD: Internal error: Failed to parse response: error decoding response body: invalid type: floating point `90.0`, expected i64 at line 1 column 461
[2m2026-03-02T08:56:00.465082Z[0m [33m WARN[0m [2maureum_backend::bot::runner[0m[2m:[0m Failed to get price for XAU_USD: Internal error: Failed to parse response: error decoding response body: invalid type: floating point `90.0`, expected i64 at line 1 column 461
[2m2026-03-02T08:56:00.491376Z[0m [33m WARN[0m [2maureum_backend::bot::runner[0m[2m:[0m Failed to get price for XAU_USD: Internal error: Failed to parse response: error decoding response body: invalid type: floating point `90.0`, expected i64 at line 1 column 461
[2m2026-03-02T08:56:00.495127Z[0m [33m WARN[0m [2maureum_backend::bot::runner[0m[2m:[0m Failed to get price for XAU_USD: Internal error: Failed to parse response: error decoding response body: invalid type: floating point `90.0`, expected i64 at line 1 column 461
[2m2026-03-02T08:56:00.519537Z[0m [33m WARN[0m [2maureum_backend::bot::runner[0m[2m:[0m Failed to get price for XAU_USD: Internal error: Failed to parse response: error decoding response body: invalid type: floating point `90.0`, expected i64 at line 1 column 461
[2m2026-03-02T08:56:00.533804Z[0m [33m WARN[0m [2maureum_backend::bot::runner[0m[2m:[0m Failed to get price for XAU_USD: Internal error: Failed to parse response: error decoding response body: invalid type: floating point `90.0`, expected i64 at line 1 column 461
[2m2026-03-02T08:56:00.542101Z[0m [33m WARN[0m [2maureum_backend::bot::runner[0m[2m:[0m Failed to get price for XAU_USD: Internal error: Failed to parse response: error decoding response body: invalid type: floating point `90.0`, expected i64 at line 1 column 461
[2m2026-03-02T08:56:00.545541Z[0m [33m WARN[0m [2maureum_backend::bot::runner[0m[2m:[0m Failed to get price for XAU_USD: Internal error: Failed to parse response: error decoding response body: invalid type: floating point `90.0`, expected i64 at line 1 column 461
[2m2026-03-02T08:56:00.566299Z[0m [33m WARN[0m [2maureum_backend::bot::runner[0m[2m:[0m Failed to get price for XAU_USD: Internal error: Failed to parse response: error decoding response body: invalid type: floating point `90.0`, expected i64 at line 1 column 461
[2m2026-03-02T08:56:00.592969Z[0m [33m WARN[0m [2maureum_backend::bot::runner[0m[2m:[0m Failed to get price for XAU_USD: Internal error: Failed to parse response: error decoding response body: invalid type: floating point `90.0`, expected i64 at line 1 column 461
[2m2026-03-02T08:56:00.596584Z[0m [33m WARN[0m [2maureum_backend::bot::runner[0m[2m:[0m Failed to get price for XAU_USD: Internal error: Failed to parse response: error decoding response body: invalid type: floating point `90.0`, expected i64 at line 1 column 461
[2m2026-03-02T08:56:00.614612Z[0m [33m WARN[0m [2maureum_backend::bot::runner[0m[2m:[0m Failed to get price for XAU_USD: Internal error: Failed to parse response: error decoding response body: invalid type: floating point `90.0`, expected i64 at line 1 column 461
[2m2026-03-02T08:56:00.632371Z[0m [33m WARN[0m [2maureum_backend::bot::runner[0m[2m:[0m Failed to get price for XAU_USD: Internal error: Failed to parse response: error decoding response body: invalid type: floating point `90.0`, expected i64 at line 1 column 461
[2m2026-03-02T08:56:00.645321Z[0m [33m WARN[0m [2maureum_backend::bot::runner[0m[2m:[0m Failed to get price for XAU_USD: Internal error: Failed to parse response: error decoding response body: invalid type: floating point `90.0`, expected i64 at line 1 column 151
[2m2026-03-02T08:56:00.688308Z[0m [33m WARN[0m [2maureum_backend::bot::runner[0m[2m:[0m Failed to get price for XAU_USD: Internal error: Failed to parse response: error decoding response body: invalid type: floating point `90.0`, expected i64 at line 1 column 151
[2m2026-03-02T08:56:00.710301Z[0m [33m WARN[0m [2maureum_backend::bot::runner[0m[2m:[0m Failed to get price for XAU_USD: Internal error: Failed to parse response: error decoding response body: invalid type: floating point `90.0`, expected i64 at line 1 column 151
[2m2026-03-02T08:56:00.719567Z[0m [33m WARN[0m [2maureum_backend::bot::runner[0m[2m:[0m Failed to get price for XAU_USD: Internal error: Failed to parse response: error decoding response body: invalid type: floating point `90.0`, expected i64 at line 1 column 151
[2m2026-03-02T08:56:00.744490Z[0m [33m WARN[0m [2maureum_backend::bot::runner[0m[2m:[0m Failed to get price for XAU_USD: Internal error: Failed to parse response: error decoding response body: invalid type: floating point `90.0`, expected i64 at line 1 column 151
[2m2026-03-02T08:56:00.744571Z[0m [33m WARN[0m [2maureum_backend::bot::runner[0m[2m:[0m Failed to get price for XAU_USD: Internal error: Failed to parse response: error decoding response body: invalid type: floating point `90.0`, expected i64 at line 1 column 151
[2m2026-03-02T08:56:00.783819Z[0m [33m WARN[0m [2maureum_backend::bot::runner[0m[2m:[0m Failed to get price for XAU_USD: Internal error: Failed to parse response: error decoding response body: invalid type: floating point `90.0`, expected i64 at line 1 column 151
[2m2026-03-02T08:56:00.809689Z[0m [33m WARN[0m [2maureum_backend::bot::runner[0m[2m:[0m Failed to get price for XAU_USD: Internal error: Failed to parse response: error decoding response body: invalid type: floating point `90.0`, expected i64 at line 1 column 151
[2m2026-03-02T08:56:00.828822Z[0m [33m WARN[0m [2maureum_backend::bot::runner[0m[2m:[0m Failed to get price for XAU_USD: Internal error: Failed to parse response: error decoding response body: invalid type: floating point `90.0`, expected i64 at line 1 column 151
[2m2026-03-02T08:56:00.844790Z[0m [33m WARN[0m [2maureum_backend::bot::runner[0m[2m:[0m Failed to get price for XAU_USD: Internal error: Failed to parse response: error decoding response body: invalid type: floating point `90.0`, expected i64 at line 1 column 151
[2m2026-03-02T08:56:00.932173Z[0m [32m INFO[0m [2maureum_backend::bot::runner[0m[2m:[0m 📊 Trade 10362 closed: STOP_LOSS @ 5394.78, PnL: -72.49 (LOSS)
[2m2026-03-02T08:56:00.935693Z[0m [33m WARN[0m [2maureum_backend::risk::engine[0m[2m:[0m No open position found for XAU_USD (bot ce318bfe-b724-494e-a8c0-aae71855b932), but recording P&L anyway
[2m2026-03-02T08:56:00.935723Z[0m [32m INFO[0m [2maureum_backend::risk::engine[0m[2m:[0m 💰 Trade closed: P&L $-72.49, Daily: $-111.14, Consecutive losses: 3
[2m2026-03-02T08:56:00.935731Z[0m [32m INFO[0m [2maureum_backend::bot::runner[0m[2m:[0m 🔴 Position closed in risk engine: XAU_USD (PnL: -72.49)
[2m2026-03-02T08:56:00.938753Z[0m [32m INFO[0m [2maureum_backend::analytics::ensemble[0m[2m:[0m Ensemble: Recorded loss for cluster unknown_XAU_USD (pattern: 8960c1b711cca65e, pnl: -72.49)
[2m2026-03-02T08:56:00.938772Z[0m [32m INFO[0m [2maureum_backend::bot::runner[0m[2m:[0m 🧠 Ensemble: Recorded loss for unknown_XAU_USD cluster (regime: NO_MRATE, pnl: -72.49)
[2m2026-03-02T08:56:00.945668Z[0m [33m WARN[0m [2maureum_backend::bot::runner[0m[2m:[0m Failed to get price for XAU_USD: Internal error: Failed to parse response: error decoding response body: invalid type: floating point `90.0`, expected i64 at line 1 column 151
[2m2026-03-02T08:56:00.987030Z[0m [33m WARN[0m [2maureum_backend::bot::runner[0m[2m:[0m Failed to get price for XAU_USD: Internal error: Failed to parse response: error decoding response body: invalid type: floating point `90.0`, expected i64 at line 1 column 151
[2m2026-03-02T08:56:00.996555Z[0m [33m WARN[0m [2maureum_backend::risk::correlation[0m[2m:[0m Strategy correlation detected: 24105ded-681c-43af-ba3c-e3ad7ed7e09c <-> 5180cb54-b46c-4bf4-9575-f11d6ddec0a6 = 0.803
[2m2026-03-02T08:56:00.998174Z[0m [33m WARN[0m [2maureum_backend::bot::runner[0m[2m:[0m Strategy 24105ded-681c-43af-ba3c-e3ad7ed7e09c blocked due to correlation
[2m2026-03-02T08:56:01.054233Z[0m [33m WARN[0m [2maureum_backend::bot::runner[0m[2m:[0m Failed to get price for XAU_USD: Internal error: Failed to parse response: error decoding response body: invalid type: floating point `90.0`, expected i64 at line 1 column 151
[2m2026-03-02T08:56:01.088122Z[0m [33m WARN[0m [2maureum_backend::bot::runner[0m[2m:[0m Failed to get price for XAU_USD: Internal error: Failed to parse response: error decoding response body: invalid type: floating point `90.0`, expected i64 at line 1 column 151
[2m2026-03-02T08:56:01.157550Z[0m [33m WARN[0m [2maureum_backend::bot::runner[0m[2m:[0m Failed to get price for XAU_USD: Internal error: Failed to parse response: error decoding response body: invalid type: floating point `90.0`, expected i64 at line 1 column 151
[2m2026-03-02T08:56:01.196343Z[0m [33m WARN[0m [2maureum_backend::bot::runner[0m[2m:[0m Failed to get price for XAU_USD: Internal error: Failed to parse response: error decoding response body: invalid type: floating point `90.0`, expected i64 at line 1 column 151
[2m2026-03-02T08:56:01.262225Z[0m [33m WARN[0m [2maureum_backend::bot::runner[0m[2m:[0m Failed to get price for XAU_USD: Internal error: Failed to parse response: error decoding response body: invalid type: floating point `90.0`, expected i64 at line 1 column 151
[2m2026-03-02T08:56:01.305628Z[0m [33m WARN[0m [2maureum_backend::bot::runner[0m[2m:[0m Failed to get price for XAU_USD: Internal error: Failed to parse response: error decoding response body: invalid type: floating point `90.0`, expected i64 at line 1 column 151
[2m2026-03-02T08:56:01.403284Z[0m [33m WARN[0m [2maureum_backend::bot::runner[0m[2m:[0m Failed to get price for XAU_USD: Internal error: Failed to parse response: error decoding response body: invalid type: floating point `90.0`, expected i64 at line 1 column 151
[2m2026-03-02T08:56:01.502817Z[0m [33m WARN[0m [2maureum_backend::bot::runner[0m[2m:[0m Failed to get price for XAU_USD: Internal error: Failed to parse response: error decoding response body: invalid type: floating point `90.0`, expected i64 at line 1 column 151
[2m2026-03-02T08:56:01.505518Z[0m [32m INFO[0m [2maureum_backend::bot::runner[0m[2m:[0m 📊 Local ATR stops [SWING fallback]: ATR=33.31, SL mult=0.5x, TP mult=2.0x, Stop=0.3%, R:R=4.00
[2m2026-03-02T08:56:01.514207Z[0m [32m INFO[0m [2maureum_backend::broker::oanda[0m[2m:[0m Placing order: Object {"order": Object {"instrument": String("XAU_USD"), "positionFill": String("DEFAULT"), "stopLossOnFill": Object {"price": String("5391.50")}, "takeProfitOnFill": Object {"price": String("5474.77")}, "timeInForce": String("FOK"), "type": String("MARKET"), "units": String("10")}}
[2m2026-03-02T08:56:01.522328Z[0m [32m INFO[0m [2maureum_backend::bot::runner[0m[2m:[0m 📊 Local ATR stops [INTRADAY]: ATR=13.29, SL mult=0.5x, TP mult=2.0x, Stop=0.1%, R:R=4.00
[2m2026-03-02T08:56:01.526157Z[0m [32m INFO[0m [2maureum_backend::broker::oanda[0m[2m:[0m Placing order: Object {"order": Object {"instrument": String("XAU_USD"), "positionFill": String("DEFAULT"), "stopLossOnFill": Object {"price": String("5395.13")}, "takeProfitOnFill": Object {"price": String("5428.36")}, "timeInForce": String("FOK"), "type": String("MARKET"), "units": String("10")}}
[2m2026-03-02T08:56:01.557280Z[0m [33m WARN[0m [2maureum_backend::bot::runner[0m[2m:[0m Failed to get price for XAU_USD: Internal error: Failed to parse response: error decoding response body: invalid type: floating point `90.0`, expected i64 at line 1 column 151
[2m2026-03-02T08:56:01.628388Z[0m [32m INFO[0m [2maureum_backend::bot::runner[0m[2m:[0m ✅ Order placed: OrderResponse { id: "10454", instrument: "XAU_USD", units: 10, price: 5395.85 }
[2m2026-03-02T08:56:01.631575Z[0m [32m INFO[0m [2maureum_backend::bot::runner[0m[2m:[0m ✅ Order placed: OrderResponse { id: "10457", instrument: "XAU_USD", units: 10, price: 0.0 }
[2m2026-03-02T08:56:01.635995Z[0m [32m INFO[0m [2maureum_backend::analytics::trailing_stop[0m[2m:[0m Trailing stop initialized for LONG XAU_USD @ 5408.155 (SL: 5391.501785714286, TP: 5474.767857142857, ATR: 33.3064285714287)
[2m2026-03-02T08:56:01.636020Z[0m [32m INFO[0m [2maureum_backend::bot::runner[0m[2m:[0m 📏 Trailing stop initialized for trade 10454
[2m2026-03-02T08:56:01.642586Z[0m [32m INFO[0m [2maureum_backend::analytics::trailing_stop[0m[2m:[0m Trailing stop initialized for LONG XAU_USD @ 5401.78 (SL: 5395.134821428571, TP: 5428.3607142857145, ATR: 13.290357142857308)
[2m2026-03-02T08:56:01.642607Z[0m [32m INFO[0m [2maureum_backend::bot::runner[0m[2m:[0m 📏 Trailing stop initialized for trade 10457
[2m2026-03-02T08:56:01.644378Z[0m [32m INFO[0m [2maureum_backend::bot::runner[0m[2m:[0m 📊 Trade context captured for learning
[2m2026-03-02T08:56:01.644394Z[0m [32m INFO[0m [2maureum_backend::risk::tracker[0m[2m:[0m 📊 Tracking new position: XAU_USD LONG @ 5408.15, notional: $54081.55
[2m2026-03-02T08:56:01.644401Z[0m [32m INFO[0m [2maureum_backend::bot::runner[0m[2m:[0m 🎯 Position recorded in risk engine: eb3dbe12-5bcf-4194-9e37-118af771bb0e (BUY @ 5408.15)
[2m2026-03-02T08:56:01.648955Z[0m [32m INFO[0m [2maureum_backend::bot::runner[0m[2m:[0m 📊 Trade context captured for learning
[2m2026-03-02T08:56:01.648977Z[0m [32m INFO[0m [2maureum_backend::risk::tracker[0m[2m:[0m 📊 Tracking new position: XAU_USD LONG @ 5401.78, notional: $54017.80
[2m2026-03-02T08:56:01.648983Z[0m [32m INFO[0m [2maureum_backend::bot::runner[0m[2m:[0m 🎯 Position recorded in risk engine: db73d0e3-144e-4d4c-9224-a79c397c40d8 (BUY @ 5401.78)
[2m2026-03-02T08:56:01.659569Z[0m [33m WARN[0m [2maureum_backend::bot::runner[0m[2m:[0m Failed to get price for XAU_USD: Internal error: Failed to parse response: error decoding response body: invalid type: floating point `90.0`, expected i64 at line 1 column 151
[2m2026-03-02T08:56:01.760814Z[0m [33m WARN[0m [2maureum_backend::bot::runner[0m[2m:[0m Failed to get price for XAU_USD: Internal error: Failed to parse response: error decoding response body: invalid type: floating point `90.0`, expected i64 at line 1 column 151
[2m2026-03-02T08:56:01.805246Z[0m [33m WARN[0m [2maureum_backend::bot::runner[0m[2m:[0m Failed to get price for XAU_USD: Internal error: Failed to parse response: error decoding response body: invalid type: floating point `90.0`, expected i64 at line 1 column 151
[2m2026-03-02T08:56:01.828895Z[0m [33m WARN[0m [2maureum_backend::bot::runner[0m[2m:[0m Failed to get price for XAU_USD: Internal error: Failed to parse response: error decoding response body: invalid type: floating point `90.0`, expected i64 at line 1 column 151
[2m2026-03-02T08:56:01.915296Z[0m [33m WARN[0m [2maureum_backend::bot::runner[0m[2m:[0m Failed to get price for XAU_USD: Internal error: Failed to parse response: error decoding response body: invalid type: floating point `90.0`, expected i64 at line 1 column 151
[2m2026-03-02T08:56:01.930077Z[0m [33m WARN[0m [2maureum_backend::bot::runner[0m[2m:[0m Failed to get price for XAU_USD: Internal error: Failed to parse response: error decoding response body: invalid type: floating point `90.0`, expected i64 at line 1 column 151
[2m2026-03-02T08:56:02.020396Z[0m [33m WARN[0m [2maureum_backend::bot::runner[0m[2m:[0m Failed to get price for XAU_USD: Internal error: Failed to parse response: error decoding response body: invalid type: floating point `90.0`, expected i64 at line 1 column 151
[2m2026-03-02T08:56:02.032737Z[0m [33m WARN[0m [2maureum_backend::bot::runner[0m[2m:[0m Failed to get price for XAU_USD: Internal error: Failed to parse response: error decoding response body: invalid type: floating point `90.0`, expected i64 at line 1 column 151
[2m2026-03-02T08:56:02.088672Z[0m [33m WARN[0m [2maureum_backend::bot::runner[0m[2m:[0m Failed to get price for XAU_USD: Internal error: Failed to parse response: error decoding response body: invalid type: floating point `90.0`, expected i64 at line 1 column 151
[2m2026-03-02T08:56:02.122682Z[0m [33m WARN[0m [2maureum_backend::bot::runner[0m[2m:[0m Failed to get price for XAU_USD: Internal error: Failed to parse response: error decoding response body: invalid type: floating point `90.0`, expected i64 at line 1 column 151
[2m2026-03-02T08:56:02.133695Z[0m [33m WARN[0m [2maureum_backend::bot::runner[0m[2m:[0m Failed to get price for XAU_USD: Internal error: Failed to parse response: error decoding response body: invalid type: floating point `90.0`, expected i64 at line 1 column 151
[2m2026-03-02T08:56:02.180193Z[0m [33m WARN[0m [2maureum_backend::bot::runner[0m[2m:[0m Failed to get price for XAU_USD: Internal error: Failed to parse response: error decoding response body: invalid type: floating point `90.0`, expected i64 at line 1 column 151
[2m2026-03-02T08:56:02.191230Z[0m [33m WARN[0m [2maureum_backend::bot::runner[0m[2m:[0m Failed to get price for XAU_USD: Internal error: Failed to parse response: error decoding response body: invalid type: floating point `90.0`, expected i64 at line 1 column 151
[2m2026-03-02T08:56:02.232197Z[0m [33m WARN[0m [2maureum_backend::bot::runner[0m[2m:[0m Failed to get price for XAU_USD: Internal error: Failed to parse response: error decoding response body: invalid type: floating point `90.0`, expected i64 at line 1 column 151
[2m2026-03-02T08:56:02.242334Z[0m [33m WARN[0m [2maureum_backend::bot::runner[0m[2m:[0m Failed to get price for XAU_USD: Internal error: Failed to parse response: error decoding response body: invalid type: floating point `90.0`, expected i64 at line 1 column 151
[2m2026-03-02T08:56:02.281139Z[0m [33m WARN[0m [2maureum_backend::bot::runner[0m[2m:[0m Failed to get price for XAU_USD: Internal error: Failed to parse response: error decoding response body: invalid type: floating point `90.0`, expected i64 at line 1 column 151
[2m2026-03-02T08:56:02.294285Z[0m [33m WARN[0m [2maureum_backend::bot::runner[0m[2m:[0m Failed to get price for XAU_USD: Internal error: Failed to parse response: error decoding response body: invalid type: floating point `90.0`, expected i64 at line 1 column 151
[2m2026-03-02T08:56:02.382126Z[0m [33m WARN[0m [2maureum_backend::bot::runner[0m[2m:[0m Failed to get price for XAU_USD: Internal error: Failed to parse response: error decoding response body: invalid type: floating point `90.0`, expected i64 at line 1 column 151
[2m2026-03-02T08:56:02.401501Z[0m [33m WARN[0m [2maureum_backend::bot::runner[0m[2m:[0m Failed to get price for XAU_USD: Internal error: Failed to parse response: error decoding response body: invalid type: floating point `90.0`, expected i64 at line 1 column 151
[2m2026-03-02T08:56:02.406307Z[0m [33m WARN[0m [2maureum_backend::bot::runner[0m[2m:[0m Failed to get price for XAU_USD: Internal error: Failed to parse response: error decoding response body: invalid type: floating point `90.0`, expected i64 at line 1 column 151
[2m2026-03-02T08:56:02.479416Z[0m [33m WARN[0m [2maureum_backend::bot::runner[0m[2m:[0m Failed to get price for XAU_USD: Internal error: Failed to parse response: error decoding response body: invalid type: floating point `90.0`, expected i64 at line 1 column 151
[2m2026-03-02T08:56:02.527170Z[0m [33m WARN[0m [2maureum_backend::bot::runner[0m[2m:[0m Failed to get price for XAU_USD: Internal error: Failed to parse response: error decoding response body: invalid type: floating point `90.0`, expected i64 at line 1 column 151
[2m2026-03-02T08:56:02.551089Z[0m [33m WARN[0m [2maureum_backend::bot::runner[0m[2m:[0m Failed to get price for XAU_USD: Internal error: Failed to parse response: error decoding response body: invalid type: floating point `90.0`, expected i64 at line 1 column 151
[2m2026-03-02T08:56:02.583876Z[0m [33m WARN[0m [2maureum_backend::bot::runner[0m[2m:[0m Failed to get price for XAU_USD: Internal error: Failed to parse response: error decoding response body: invalid type: floating point `90.0`, expected i64 at line 1 column 151
[2m2026-03-02T08:56:12.544326Z[0m [32m INFO[0m [2mactix_web::middleware::logger[0m[2m:[0m 172.31.24.194 "GET /api/health HTTP/1.1" 404 0 "-" "ELB-HealthChecker/2.0" 0.000057
[2m2026-03-02T08:56:27.840867Z[0m [32m INFO[0m [2mactix_web::middleware::logger[0m[2m:[0m 172.31.15.48 "GET /api/health HTTP/1.1" 404 0 "-" "ELB-HealthChecker/2.0" 0.000057
[2m2026-03-02T08:56:29.888145Z[0m [32m INFO[0m [2maureum_backend::macro_sentiment::polymarket[0m[2m:[0m Fetching fresh Polymarket markets (limit=500)
[2m2026-03-02T08:56:29.957619Z[0m [32m INFO[0m [2maureum_backend::macro_sentiment::polymarket[0m[2m:[0m Fetched 500 total markets from Polymarket
[2m2026-03-02T08:56:32.311700Z[0m [32m INFO[0m [2maureum_backend::intelligence::signal_tracker[0m[2m:[0m 📌 Signal persisted: Will Israel strike Lebanon on March 3, 2026? → No @ 24¢ (score 1172.5, side YES)
[2m2026-03-02T08:56:32.480187Z[0m [32m INFO[0m [2maureum_backend::bot::runner[0m[2m:[0m 🔄 Found 1 orphaned trade_context records, reconciling...
[2m2026-03-02T08:56:35.160836Z[0m [33m WARN[0m [2maureum_backend::bot::runner[0m[2m:[0m ⚠️ Trade 10457 not found in OANDA history, marked as closed
[2m2026-03-02T08:56:42.556064Z[0m [32m INFO[0m [2mactix_web::middleware::logger[0m[2m:[0m 172.31.24.194 "GET /api/health HTTP/1.1" 404 0 "-" "ELB-HealthChecker/2.0" 0.000058
[2m2026-03-02T08:56:57.871695Z[0m [32m INFO[0m [2mactix_web::middleware::logger[0m[2m:[0m 172.31.15.48 "GET /api/health HTTP/1.1" 404 0 "-" "ELB-HealthChecker/2.0" 0.000059
[2m2026-03-02T08:56:58.516108Z[0m [32m INFO[0m [2mactix_web::middleware::logger[0m[2m:[0m 172.31.15.48 "GET /api/risk/status HTTP/1.1" 200 741 "https://app.project-bubblegum.shop/" "Mozilla/5.0 (Macintosh; Intel Mac OS X 10_15_7) AppleWebKit/537.36 (KHTML, like Gecko) Chrome/145.0.0.0 Safari/537.36" 0.000086
[2m2026-03-02T08:56:58.551429Z[0m [32m INFO[0m [2mactix_web::middleware::logger[0m[2m:[0m 172.31.15.48 "GET /api/bots HTTP/1.1" 200 27387 "https://app.project-bubblegum.shop/" "Mozilla/5.0 (Macintosh; Intel Mac OS X 10_15_7) AppleWebKit/537.36 (KHTML, like Gecko) Chrome/145.0.0.0 Safari/537.36" 0.035385
[2m2026-03-02T08:56:58.621007Z[0m [32m INFO[0m [2mactix_web::middleware::logger[0m[2m:[0m 172.31.15.48 "GET /api/bots HTTP/1.1" 200 27387 "https://app.project-bubblegum.shop/" "Mozilla/5.0 (Macintosh; Intel Mac OS X 10_15_7) AppleWebKit/537.36 (KHTML, like Gecko) Chrome/145.0.0.0 Safari/537.36" 0.024983
[2m2026-03-02T08:56:58.642400Z[0m [32m INFO[0m [2mactix_web::middleware::logger[0m[2m:[0m 172.31.15.48 "GET /api/trading/positions HTTP/1.1" 200 654 "https://app.project-bubblegum.shop/" "Mozilla/5.0 (Macintosh; Intel Mac OS X 10_15_7) AppleWebKit/537.36 (KHTML, like Gecko) Chrome/145.0.0.0 Safari/537.36" 0.126280
[2m2026-03-02T08:56:58.682126Z[0m [32m INFO[0m [2mactix_web::middleware::logger[0m[2m:[0m 172.31.15.48 "GET /api/strategies HTTP/1.1" 200 20866 "https://app.project-bubblegum.shop/" "Mozilla/5.0 (Macintosh; Intel Mac OS X 10_15_7) AppleWebKit/537.36 (KHTML, like Gecko) Chrome/145.0.0.0 Safari/537.36" 0.002233
[2m2026-03-02T08:56:58.832757Z[0m [32m INFO[0m [2mactix_web::middleware::logger[0m[2m:[0m 172.31.15.48 "GET /api/trading/trades/open HTTP/1.1" 200 1885 "https://app.project-bubblegum.shop/" "Mozilla/5.0 (Macintosh; Intel Mac OS X 10_15_7) AppleWebKit/537.36 (KHTML, like Gecko) Chrome/145.0.0.0 Safari/537.36" 0.126157
[2m2026-03-02T08:56:58.845221Z[0m [32m INFO[0m [2mactix_web::middleware::logger[0m[2m:[0m 172.31.15.48 "GET /api/market-data/price/XAUUSD HTTP/1.1" 200 140 "https://app.project-bubblegum.shop/" "Mozilla/5.0 (Macintosh; Intel Mac OS X 10_15_7) AppleWebKit/537.36 (KHTML, like Gecko) Chrome/145.0.0.0 Safari/537.36" 0.118305
[2m2026-03-02T08:56:58.997146Z[0m [32m INFO[0m [2mactix_web::middleware::logger[0m[2m:[0m 172.31.15.48 "GET /api/market-data/price/NAS100USD HTTP/1.1" 200 133 "https://app.project-bubblegum.shop/" "Mozilla/5.0 (Macintosh; Intel Mac OS X 10_15_7) AppleWebKit/537.36 (KHTML, like Gecko) Chrome/145.0.0.0 Safari/537.36" 0.122119
[2m2026-03-02T08:56:59.151985Z[0m [32m INFO[0m [2mactix_web::middleware::logger[0m[2m:[0m 172.31.15.48 "GET /api/market-data/price/USDJPY HTTP/1.1" 200 131 "https://app.project-bubblegum.shop/" "Mozilla/5.0 (Macintosh; Intel Mac OS X 10_15_7) AppleWebKit/537.36 (KHTML, like Gecko) Chrome/145.0.0.0 Safari/537.36" 0.124293
[2m2026-03-02T08:56:59.302007Z[0m [32m INFO[0m [2mactix_web::middleware::logger[0m[2m:[0m 172.31.15.48 "GET /api/market-data/price/EURUSD HTTP/1.1" 200 133 "https://app.project-bubblegum.shop/" "Mozilla/5.0 (Macintosh; Intel Mac OS X 10_15_7) AppleWebKit/537.36 (KHTML, like Gecko) Chrome/145.0.0.0 Safari/537.36" 0.116891
[2m2026-03-02T08:56:59.467357Z[0m [32m INFO[0m [2mactix_web::middleware::logger[0m[2m:[0m 172.31.15.48 "GET /api/market-data/price/BTCUSD HTTP/1.1" 200 115 "https://app.project-bubblegum.shop/" "Mozilla/5.0 (Macintosh; Intel Mac OS X 10_15_7) AppleWebKit/537.36 (KHTML, like Gecko) Chrome/145.0.0.0 Safari/537.36" 0.135777
[2m2026-03-02T08:56:59.727203Z[0m [32m INFO[0m [2mactix_web::middleware::logger[0m[2m:[0m 172.31.15.48 "GET /api/market-data/price/GBPUSD HTTP/1.1" 200 144 "https://app.project-bubblegum.shop/" "Mozilla/5.0 (Macintosh; Intel Mac OS X 10_15_7) AppleWebKit/537.36 (KHTML, like Gecko) Chrome/145.0.0.0 Safari/537.36" 0.127156
[2m2026-03-02T08:56:59.888484Z[0m [32m INFO[0m [2maureum_backend::macro_sentiment::polymarket[0m[2m:[0m Fetching fresh Polymarket markets (limit=500)
[2m2026-03-02T08:56:59.894855Z[0m [32m INFO[0m [2mactix_web::middleware::logger[0m[2m:[0m 172.31.15.48 "GET /api/market-data/price/NATGASUSD HTTP/1.1" 200 141 "https://app.project-bubblegum.shop/" "Mozilla/5.0 (Macintosh; Intel Mac OS X 10_15_7) AppleWebKit/537.36 (KHTML, like Gecko) Chrome/145.0.0.0 Safari/537.36" 0.130193
[2m2026-03-02T08:56:59.920074Z[0m [33m WARN[0m [2maureum_backend::intelligence::flights[0m[2m:[0m OpenSky returned status 429 Too Many Requests
[2m2026-03-02T08:56:59.937428Z[0m [32m INFO[0m [2maureum_backend::macro_sentiment::polymarket[0m[2m:[0m Fetched 500 total markets from Polymarket
[2m2026-03-02T08:57:00.073397Z[0m [32m INFO[0m [2mactix_web::middleware::logger[0m[2m:[0m 172.31.15.48 "GET /api/market-data/price/WTICOUSD HTTP/1.1" 200 129 "https://app.project-bubblegum.shop/" "Mozilla/5.0 (Macintosh; Intel Mac OS X 10_15_7) AppleWebKit/537.36 (KHTML, like Gecko) Chrome/145.0.0.0 Safari/537.36" 0.146247
[2m2026-03-02T08:57:02.427486Z[0m [33m WARN[0m [2maureum_backend::risk::correlation[0m[2m:[0m Strategy correlation detected: 24105ded-681c-43af-ba3c-e3ad7ed7e09c <-> 24bc2dde-c63e-4f70-8082-e3006bf983cb = 0.738
[2m2026-03-02T08:57:02.430085Z[0m [33m WARN[0m [2maureum_backend::bot::runner[0m[2m:[0m Strategy 24105ded-681c-43af-ba3c-e3ad7ed7e09c blocked due to correlation
[2m2026-03-02T08:57:03.492099Z[0m [33m WARN[0m [2maureum_backend::intelligence::rss_ingest[0m[2m:[0m RSS: politico_rss — HTTP 403 Forbidden
[2m2026-03-02T08:57:08.625510Z[0m [32m INFO[0m [2maureum_backend::intelligence::rss_ingest[0m[2m:[0m 📰 RSS: 30 sources → 36 new posts
[2m2026-03-02T08:57:08.628909Z[0m [32m INFO[0m [2maureum_backend::intelligence::feed[0m[2m:[0m 🔄 Telegram feed ingestion: 50 sources
[2m2026-03-02T08:57:08.691714Z[0m [32m INFO[0m [2maureum_backend::intelligence::feed[0m[2m:[0m 📨 1 new posts from @africaintelligence
[2m2026-03-02T08:57:08.899048Z[0m [32m INFO[0m [2maureum_backend::intelligence::feed[0m[2m:[0m 📨 7 new posts from @astrapress
[2m2026-03-02T08:57:08.994115Z[0m [32m INFO[0m [2maureum_backend::intelligence::feed[0m[2m:[0m 📨 9 new posts from @bloomberg
[2m2026-03-02T08:57:09.175883Z[0m [32m INFO[0m [2maureum_backend::intelligence::feed[0m[2m:[0m 📨 9 new posts from @clashreport
[2m2026-03-02T08:57:09.321245Z[0m [32m INFO[0m [2maureum_backend::intelligence::feed[0m[2m:[0m 📨 7 new posts from @CryptoWhaleAlerts
[2m2026-03-02T08:57:09.410897Z[0m [32m INFO[0m [2maureum_backend::intelligence::feed[0m[2m:[0m 📨 9 new posts from @disclosetv
[2m2026-03-02T08:57:09.528451Z[0m [32m INFO[0m [2maureum_backend::intelligence::feed[0m[2m:[0m 📨 9 new posts from @fxstreet
[2m2026-03-02T08:57:09.583004Z[0m [32m INFO[0m [2maureum_backend::intelligence::feed[0m[2m:[0m 📨 9 new posts from @FlashNewsX
[2m2026-03-02T08:57:09.658023Z[0m [32m INFO[0m [2maureum_backend::intelligence::feed[0m[2m:[0m 📨 1 new posts from @geopolitics_live
[2m2026-03-02T08:57:09.876537Z[0m [32m INFO[0m [2maureum_backend::intelligence::feed[0m[2m:[0m 📨 9 new posts from @IntelRepublic
[2m2026-03-02T08:57:09.966734Z[0m [32m INFO[0m [2maureum_backend::intelligence::feed[0m[2m:[0m 📨 9 new posts from @intelslava
[2m2026-03-02T08:57:10.071597Z[0m [32m INFO[0m [2maureum_backend::intelligence::feed[0m[2m:[0m 📨 9 new posts from @liveuamap
[2m2026-03-02T08:57:10.189103Z[0m [32m INFO[0m [2maureum_backend::intelligence::feed[0m[2m:[0m 📨 9 new posts from @marketsmayhem
[2m2026-03-02T08:57:10.415191Z[0m [32m INFO[0m [2maureum_backend::intelligence::feed[0m[2m:[0m 📨 9 new posts from @militarysummary
[2m2026-03-02T08:57:10.602351Z[0m [32m INFO[0m [2maureum_backend::intelligence::feed[0m[2m:[0m 📨 9 new posts from @nexta_live
[2m2026-03-02T08:57:10.685321Z[0m [32m INFO[0m [2maureum_backend::intelligence::feed[0m[2m:[0m 📨 9 new posts from @OSINTtechnical
[2m2026-03-02T08:57:10.869811Z[0m [32m INFO[0m [2maureum_backend::intelligence::feed[0m[2m:[0m 📨 9 new posts from @PalestineChronicle
[2m2026-03-02T08:57:10.965504Z[0m [32m INFO[0m [2maureum_backend::intelligence::feed[0m[2m:[0m 📨 9 new posts from @polymarketupdates
[2m2026-03-02T08:57:11.070600Z[0m [32m INFO[0m [2maureum_backend::intelligence::feed[0m[2m:[0m 📨 9 new posts from @realvisionfinance
[2m2026-03-02T08:57:11.189033Z[0m [32m INFO[0m [2maureum_backend::intelligence::feed[0m[2m:[0m 📨 9 new posts from @rybar_en
[2m2026-03-02T08:57:11.226992Z[0m [32m INFO[0m [2maureum_backend::intelligence::feed[0m[2m:[0m 📨 1 new posts from @Semafor
[2m2026-03-02T08:57:11.329743Z[0m [32m INFO[0m [2maureum_backend::intelligence::feed[0m[2m:[0m 📨 9 new posts from @scmpnews
[2m2026-03-02T08:57:11.385321Z[0m [32m INFO[0m [2maureum_backend::intelligence::feed[0m[2m:[0m 📨 9 new posts from @spectatorindex
[2m2026-03-02T08:57:11.561922Z[0m [32m INFO[0m [2maureum_backend::intelligence::feed[0m[2m:[0m 📨 9 new posts from @Walter_Bloomberg
[2m2026-03-02T08:57:11.674676Z[0m [32m INFO[0m [2maureum_backend::intelligence::feed[0m[2m:[0m 📨 9 new posts from @WarMonitor
[2m2026-03-02T08:57:11.798202Z[0m [32m INFO[0m [2maureum_backend::intelligence::feed[0m[2m:[0m 📨 9 new posts from @wartranslated
[2m2026-03-02T08:57:11.865027Z[0m [32m INFO[0m [2maureum_backend::intelligence::feed[0m[2m:[0m 📨 9 new posts from @whale_alert
[2m2026-03-02T08:57:12.019850Z[0m [33m WARN[0m [2maureum_backend::intelligence::feed[0m[2m:[0m NewsAPI us returned 429 Too Many Requests
[2m2026-03-02T08:57:12.116478Z[0m [33m WARN[0m [2maureum_backend::intelligence::feed[0m[2m:[0m NewsAPI gb returned 429 Too Many Requests
[2m2026-03-02T08:57:12.213262Z[0m [33m WARN[0m [2maureum_backend::intelligence::feed[0m[2m:[0m NewsAPI de returned 429 Too Many Requests
[2m2026-03-02T08:57:12.308497Z[0m [33m WARN[0m [2maureum_backend::intelligence::feed[0m[2m:[0m NewsAPI fr returned 429 Too Many Requests
[2m2026-03-02T08:57:12.403613Z[0m [33m WARN[0m [2maureum_backend::intelligence::feed[0m[2m:[0m NewsAPI in returned 429 Too Many Requests
[2m2026-03-02T08:57:12.499276Z[0m [33m WARN[0m [2maureum_backend::intelligence::feed[0m[2m:[0m NewsAPI jp returned 429 Too Many Requests
[2m2026-03-02T08:57:12.583230Z[0m [32m INFO[0m [2mactix_web::middleware::logger[0m[2m:[0m 172.31.24.194 "GET /api/health HTTP/1.1" 404 0 "-" "ELB-HealthChecker/2.0" 0.000055
[2m2026-03-02T08:57:12.594836Z[0m [33m WARN[0m [2maureum_backend::intelligence::feed[0m[2m:[0m NewsAPI il returned 429 Too Many Requests
[2m2026-03-02T08:57:12.689829Z[0m [33m WARN[0m [2maureum_backend::intelligence::feed[0m[2m:[0m NewsAPI ua returned 429 Too Many Requests
[2m2026-03-02T08:57:12.784749Z[0m [33m WARN[0m [2maureum_backend::intelligence::feed[0m[2m:[0m NewsAPI sa returned 429 Too Many Requests
[2m2026-03-02T08:57:12.889586Z[0m [33m WARN[0m [2maureum_backend::intelligence::feed[0m[2m:[0m NewsAPI cn returned 429 Too Many Requests
[2m2026-03-02T08:57:12.984376Z[0m [33m WARN[0m [2maureum_backend::intelligence::feed[0m[2m:[0m NewsAPI br returned 429 Too Many Requests
[2m2026-03-02T08:57:13.080584Z[0m [33m WARN[0m [2maureum_backend::intelligence::feed[0m[2m:[0m NewsAPI za returned 429 Too Many Requests
[2m2026-03-02T08:57:13.176160Z[0m [33m WARN[0m [2maureum_backend::intelligence::feed[0m[2m:[0m NewsAPI ru returned 429 Too Many Requests
[2m2026-03-02T08:57:13.271699Z[0m [33m WARN[0m [2maureum_backend::intelligence::feed[0m[2m:[0m NewsAPI au returned 429 Too Many Requests
[2m2026-03-02T08:57:13.366764Z[0m [33m WARN[0m [2maureum_backend::intelligence::feed[0m[2m:[0m NewsAPI ca returned 429 Too Many Requests
[2m2026-03-02T08:57:27.780267Z[0m [32m INFO[0m [2mactix_web::middleware::logger[0m[2m:[0m 172.31.15.48 "GET /owa/auth/logon.aspx HTTP/1.1" 404 0 "-" "Mozilla/5.0 zgrab/0.x" 0.000053
[2m2026-03-02T08:57:27.882674Z[0m [32m INFO[0m [2mactix_web::middleware::logger[0m[2m:[0m 172.31.15.48 "GET /api/health HTTP/1.1" 404 0 "-" "ELB-HealthChecker/2.0" 0.000059
[2m2026-03-02T08:57:29.887894Z[0m [32m INFO[0m [2maureum_backend::macro_sentiment::polymarket[0m[2m:[0m Fetching fresh Polymarket markets (limit=500)
[2m2026-03-02T08:57:29.931297Z[0m [32m INFO[0m [2maureum_backend::macro_sentiment::polymarket[0m[2m:[0m Fetched 500 total markets from Polymarket
[2m2026-03-02T08:57:30.107224Z[0m [33m WARN[0m [2maureum_backend::risk::correlation[0m[2m:[0m Strategy correlation detected: 24105ded-681c-43af-ba3c-e3ad7ed7e09c <-> 24bc2dde-c63e-4f70-8082-e3006bf983cb = 0.738
[2m2026-03-02T08:57:30.109417Z[0m [33m WARN[0m [2maureum_backend::bot::runner[0m[2m:[0m Strategy 24105ded-681c-43af-ba3c-e3ad7ed7e09c blocked due to correlation
[2m2026-03-02T08:57:42.603851Z[0m [32m INFO[0m [2mactix_web::middleware::logger[0m[2m:[0m 172.31.24.194 "GET /api/health HTTP/1.1" 404 0 "-" "ELB-HealthChecker/2.0" 0.000057
[2m2026-03-02T08:57:57.913243Z[0m [32m INFO[0m [2mactix_web::middleware::logger[0m[2m:[0m 172.31.15.48 "GET /api/health HTTP/1.1" 404 0 "-" "ELB-HealthChecker/2.0" 0.000058
[2m2026-03-02T08:57:58.546691Z[0m [32m INFO[0m [2mactix_web::middleware::logger[0m[2m:[0m 172.31.15.48 "GET /api/risk/status HTTP/1.1" 200 741 "https://app.project-bubblegum.shop/" "Mozilla/5.0 (Macintosh; Intel Mac OS X 10_15_7) AppleWebKit/537.36 (KHTML, like Gecko) Chrome/145.0.0.0 Safari/537.36" 0.000090
[2m2026-03-02T08:57:58.585914Z[0m [32m INFO[0m [2mactix_web::middleware::logger[0m[2m:[0m 172.31.15.48 "GET /api/bots HTTP/1.1" 200 27387 "https://app.project-bubblegum.shop/" "Mozilla/5.0 (Macintosh; Intel Mac OS X 10_15_7) AppleWebKit/537.36 (KHTML, like Gecko) Chrome/145.0.0.0 Safari/537.36" 0.039313
[2m2026-03-02T08:57:58.652909Z[0m [32m INFO[0m [2mactix_web::middleware::logger[0m[2m:[0m 172.31.15.48 "GET /api/bots HTTP/1.1" 200 27387 "https://app.project-bubblegum.shop/" "Mozilla/5.0 (Macintosh; Intel Mac OS X 10_15_7) AppleWebKit/537.36 (KHTML, like Gecko) Chrome/145.0.0.0 Safari/537.36" 0.032103
[2m2026-03-02T08:57:58.663291Z[0m [32m INFO[0m [2mactix_web::middleware::logger[0m[2m:[0m 172.31.15.48 "GET /api/trading/positions HTTP/1.1" 200 654 "https://app.project-bubblegum.shop/" "Mozilla/5.0 (Macintosh; Intel Mac OS X 10_15_7) AppleWebKit/537.36 (KHTML, like Gecko) Chrome/145.0.0.0 Safari/537.36" 0.116555
[2m2026-03-02T08:57:58.697029Z[0m [32m INFO[0m [2mactix_web::middleware::logger[0m[2m:[0m 172.31.15.48 "GET /api/strategies HTTP/1.1" 200 20866 "https://app.project-bubblegum.shop/" "Mozilla/5.0 (Macintosh; Intel Mac OS X 10_15_7) AppleWebKit/537.36 (KHTML, like Gecko) Chrome/145.0.0.0 Safari/537.36" 0.001516
[2m2026-03-02T08:57:58.839421Z[0m [32m INFO[0m [2mactix_web::middleware::logger[0m[2m:[0m 172.31.15.48 "GET /api/trading/trades/open HTTP/1.1" 200 1887 "https://app.project-bubblegum.shop/" "Mozilla/5.0 (Macintosh; Intel Mac OS X 10_15_7) AppleWebKit/537.36 (KHTML, like Gecko) Chrome/145.0.0.0 Safari/537.36" 0.134277
[2m2026-03-02T08:57:58.856963Z[0m [32m INFO[0m [2mactix_web::middleware::logger[0m[2m:[0m 172.31.15.48 "GET /api/market-data/price/XAUUSD HTTP/1.1" 200 129 "https://app.project-bubblegum.shop/" "Mozilla/5.0 (Macintosh; Intel Mac OS X 10_15_7) AppleWebKit/537.36 (KHTML, like Gecko) Chrome/145.0.0.0 Safari/537.36" 0.121186
[2m2026-03-02T08:57:59.018647Z[0m [32m INFO[0m [2mactix_web::middleware::logger[0m[2m:[0m 172.31.15.48 "GET /api/market-data/price/NAS100USD HTTP/1.1" 200 117 "https://app.project-bubblegum.shop/" "Mozilla/5.0 (Macintosh; Intel Mac OS X 10_15_7) AppleWebKit/537.36 (KHTML, like Gecko) Chrome/145.0.0.0 Safari/537.36" 0.135610
[2m2026-03-02T08:57:59.170245Z[0m [32m INFO[0m [2mactix_web::middleware::logger[0m[2m:[0m 172.31.15.48 "GET /api/market-data/price/USDJPY HTTP/1.1" 200 127 "https://app.project-bubblegum.shop/" "Mozilla/5.0 (Macintosh; Intel Mac OS X 10_15_7) AppleWebKit/537.36 (KHTML, like Gecko) Chrome/145.0.0.0 Safari/537.36" 0.125091
[2m2026-03-02T08:57:59.313901Z[0m [32m INFO[0m [2mactix_web::middleware::logger[0m[2m:[0m 172.31.15.48 "GET /api/market-data/price/EURUSD HTTP/1.1" 200 144 "https://app.project-bubblegum.shop/" "Mozilla/5.0 (Macintosh; Intel Mac OS X 10_15_7) AppleWebKit/537.36 (KHTML, like Gecko) Chrome/145.0.0.0 Safari/537.36" 0.118571
[2m2026-03-02T08:57:59.467844Z[0m [32m INFO[0m [2mactix_web::middleware::logger[0m[2m:[0m 172.31.15.48 "GET /api/market-data/price/BTCUSD HTTP/1.1" 200 115 "https://app.project-bubblegum.shop/" "Mozilla/5.0 (Macintosh; Intel Mac OS X 10_15_7) AppleWebKit/537.36 (KHTML, like Gecko) Chrome/145.0.0.0 Safari/537.36" 0.120491
[2m2026-03-02T08:57:59.715817Z[0m [32m INFO[0m [2mactix_web::middleware::logger[0m[2m:[0m 172.31.15.48 "GET /api/market-data/price/GBPUSD HTTP/1.1" 200 133 "https://app.project-bubblegum.shop/" "Mozilla/5.0 (Macintosh; Intel Mac OS X 10_15_7) AppleWebKit/537.36 (KHTML, like Gecko) Chrome/145.0.0.0 Safari/537.36" 0.215476
[2m2026-03-02T08:57:59.864342Z[0m [32m INFO[0m [2mactix_web::middleware::logger[0m[2m:[0m 172.31.15.48 "GET /api/market-data/price/NATGASUSD HTTP/1.1" 200 128 "https://app.project-bubblegum.shop/" "Mozilla/5.0 (Macintosh; Intel Mac OS X 10_15_7) AppleWebKit/537.36 (KHTML, like Gecko) Chrome/145.0.0.0 Safari/537.36" 0.123645
[2m2026-03-02T08:57:59.888453Z[0m [32m INFO[0m [2maureum_backend::macro_sentiment::polymarket[0m[2m:[0m Fetching fresh Polymarket markets (limit=500)
[2m2026-03-02T08:57:59.911844Z[0m [33m WARN[0m [2maureum_backend::intelligence::flights[0m[2m:[0m OpenSky returned status 429 Too Many Requests
[2m2026-03-02T08:57:59.938852Z[0m [32m INFO[0m [2maureum_backend::macro_sentiment::polymarket[0m[2m:[0m Fetched 500 total markets from Polymarket
[2m2026-03-02T08:57:59.947319Z[0m [33m WARN[0m [2maureum_backend::risk::correlation[0m[2m:[0m Strategy correlation detected: 24105ded-681c-43af-ba3c-e3ad7ed7e09c <-> 24bc2dde-c63e-4f70-8082-e3006bf983cb = 0.738
[2m2026-03-02T08:57:59.948949Z[0m [33m WARN[0m [2maureum_backend::bot::runner[0m[2m:[0m Strategy 24105ded-681c-43af-ba3c-e3ad7ed7e09c blocked due to correlation
[2m2026-03-02T08:58:00.016080Z[0m [32m INFO[0m [2mactix_web::middleware::logger[0m[2m:[0m 172.31.15.48 "GET /api/market-data/price/WTICOUSD HTTP/1.1" 200 129 "https://app.project-bubblegum.shop/" "Mozilla/5.0 (Macintosh; Intel Mac OS X 10_15_7) AppleWebKit/537.36 (KHTML, like Gecko) Chrome/145.0.0.0 Safari/537.36" 0.126203
[2m2026-03-02T08:58:12.630524Z[0m [32m INFO[0m [2mactix_web::middleware::logger[0m[2m:[0m 172.31.24.194 "GET /api/health HTTP/1.1" 404 0 "-" "ELB-HealthChecker/2.0" 0.000050
[2m2026-03-02T08:58:17.576532Z[0m [32m INFO[0m [2mactix_web::middleware::logger[0m[2m:[0m 172.31.15.48 "GET /api/risk/status HTTP/1.1" 200 741 "https://app.project-bubblegum.shop/" "Mozilla/5.0 (Macintosh; Intel Mac OS X 10_15_7) AppleWebKit/537.36 (KHTML, like Gecko) Chrome/145.0.0.0 Safari/537.36" 0.000059
[2m2026-03-02T08:58:17.616991Z[0m [32m INFO[0m [2mactix_web::middleware::logger[0m[2m:[0m 172.31.15.48 "GET /api/bots/activity/all?limit=100 HTTP/1.1" 200 33378 "https://app.project-bubblegum.shop/" "Mozilla/5.0 (Macintosh; Intel Mac OS X 10_15_7) AppleWebKit/537.36 (KHTML, like Gecko) Chrome/145.0.0.0 Safari/537.36" 0.003232
[2m2026-03-02T08:58:17.618981Z[0m [32m INFO[0m [2mactix_web::middleware::logger[0m[2m:[0m 172.31.15.48 "GET /api/bots/44e89400-ca87-41d0-86fe-5efc94cd5fe1/activity?limit=50 HTTP/1.1" 200 20072 "https://app.project-bubblegum.shop/" "Mozilla/5.0 (Macintosh; Intel Mac OS X 10_15_7) AppleWebKit/537.36 (KHTML, like Gecko) Chrome/145.0.0.0 Safari/537.36" 0.005074
[2m2026-03-02T08:58:17.627261Z[0m [32m INFO[0m [2mactix_web::middleware::logger[0m[2m:[0m 172.31.15.48 "GET /api/bots/activity/all?limit=20 HTTP/1.1" 200 5652 "https://app.project-bubblegum.shop/" "Mozilla/5.0 (Macintosh; Intel Mac OS X 10_15_7) AppleWebKit/537.36 (KHTML, like Gecko) Chrome/145.0.0.0 Safari/537.36" 0.002476
[2m2026-03-02T08:58:17.652913Z[0m [32m INFO[0m [2mactix_web::middleware::logger[0m[2m:[0m 172.31.15.48 "GET /api/bots HTTP/1.1" 200 27387 "https://app.project-bubblegum.shop/" "Mozilla/5.0 (Macintosh; Intel Mac OS X 10_15_7) AppleWebKit/537.36 (KHTML, like Gecko) Chrome/145.0.0.0 Safari/537.36" 0.076517
[2m2026-03-02T08:58:17.707839Z[0m [32m INFO[0m [2mactix_web::middleware::logger[0m[2m:[0m 172.31.15.48 "GET /api/bots HTTP/1.1" 200 27387 "https://app.project-bubblegum.shop/" "Mozilla/5.0 (Macintosh; Intel Mac OS X 10_15_7) AppleWebKit/537.36 (KHTML, like Gecko) Chrome/145.0.0.0 Safari/537.36" 0.028099
[2m2026-03-02T08:58:17.725897Z[0m [32m INFO[0m [2mactix_web::middleware::logger[0m[2m:[0m 172.31.15.48 "GET /api/market-data/price/XAUUSD HTTP/1.1" 200 130 "https://app.project-bubblegum.shop/" "Mozilla/5.0 (Macintosh; Intel Mac OS X 10_15_7) AppleWebKit/537.36 (KHTML, like Gecko) Chrome/145.0.0.0 Safari/537.36" 0.136948
[2m2026-03-02T08:58:17.726952Z[0m [32m INFO[0m [2mactix_web::middleware::logger[0m[2m:[0m 172.31.15.48 "GET /api/market-data/price/WTICO_USD HTTP/1.1" 200 129 "https://app.project-bubblegum.shop/" "Mozilla/5.0 (Macintosh; Intel Mac OS X 10_15_7) AppleWebKit/537.36 (KHTML, like Gecko) Chrome/145.0.0.0 Safari/537.36" 0.125509
[2m2026-03-02T08:58:17.734253Z[0m [32m INFO[0m [2mactix_web::middleware::logger[0m[2m:[0m 172.31.15.48 "GET /api/market-data/price/BTCUSD HTTP/1.1" 200 115 "https://app.project-bubblegum.shop/" "Mozilla/5.0 (Macintosh; Intel Mac OS X 10_15_7) AppleWebKit/537.36 (KHTML, like Gecko) Chrome/145.0.0.0 Safari/537.36" 0.157672
[2m2026-03-02T08:58:17.737807Z[0m [32m INFO[0m [2mactix_web::middleware::logger[0m[2m:[0m 172.31.15.48 "GET /api/strategies HTTP/1.1" 200 20866 "https://app.project-bubblegum.shop/" "Mozilla/5.0 (Macintosh; Intel Mac OS X 10_15_7) AppleWebKit/537.36 (KHTML, like Gecko) Chrome/145.0.0.0 Safari/537.36" 0.001819
[2m2026-03-02T08:58:17.738773Z[0m [32m INFO[0m [2mactix_web::middleware::logger[0m[2m:[0m 172.31.15.48 "GET /api/market-data/price/USDJPY HTTP/1.1" 200 142 "https://app.project-bubblegum.shop/" "Mozilla/5.0 (Macintosh; Intel Mac OS X 10_15_7) AppleWebKit/537.36 (KHTML, like Gecko) Chrome/145.0.0.0 Safari/537.36" 0.149981
[2m2026-03-02T08:58:17.741105Z[0m [32m INFO[0m [2mactix_web::middleware::logger[0m[2m:[0m 172.31.15.48 "GET /api/market-data/price/NATGAS_USD HTTP/1.1" 200 130 "https://app.project-bubblegum.shop/" "Mozilla/5.0 (Macintosh; Intel Mac OS X 10_15_7) AppleWebKit/537.36 (KHTML, like Gecko) Chrome/145.0.0.0 Safari/537.36" 0.139645
[2m2026-03-02T08:58:17.749457Z[0m [32m INFO[0m [2mactix_web::middleware::logger[0m[2m:[0m 172.31.15.48 "GET /api/trading/positions HTTP/1.1" 200 653 "https://app.project-bubblegum.shop/" "Mozilla/5.0 (Macintosh; Intel Mac OS X 10_15_7) AppleWebKit/537.36 (KHTML, like Gecko) Chrome/145.0.0.0 Safari/537.36" 0.136176
[2m2026-03-02T08:58:17.807106Z[0m [32m INFO[0m [2mactix_web::middleware::logger[0m[2m:[0m 172.31.15.48 "GET /api/market-data/price/EURUSD HTTP/1.1" 200 133 "https://app.project-bubblegum.shop/" "Mozilla/5.0 (Macintosh; Intel Mac OS X 10_15_7) AppleWebKit/537.36 (KHTML, like Gecko) Chrome/145.0.0.0 Safari/537.36" 0.230876
[2m2026-03-02T08:58:17.882457Z[0m [32m INFO[0m [2mactix_web::middleware::logger[0m[2m:[0m 172.31.15.48 "GET /api/market-data/price/XAUUSD HTTP/1.1" 200 130 "https://app.project-bubblegum.shop/" "Mozilla/5.0 (Macintosh; Intel Mac OS X 10_15_7) AppleWebKit/537.36 (KHTML, like Gecko) Chrome/145.0.0.0 Safari/537.36" 0.130892
[2m2026-03-02T08:58:17.923726Z[0m [32m INFO[0m [2mactix_web::middleware::logger[0m[2m:[0m 172.31.15.48 "GET /api/trading/trades/open HTTP/1.1" 200 1886 "https://app.project-bubblegum.shop/" "Mozilla/5.0 (Macintosh; Intel Mac OS X 10_15_7) AppleWebKit/537.36 (KHTML, like Gecko) Chrome/145.0.0.0 Safari/537.36" 0.128040
[2m2026-03-02T08:58:18.028738Z[0m [32m INFO[0m [2mactix_web::middleware::logger[0m[2m:[0m 172.31.15.48 "GET /api/market-data/price/XAUUSD HTTP/1.1" 200 129 "https://app.project-bubblegum.shop/" "Mozilla/5.0 (Macintosh; Intel Mac OS X 10_15_7) AppleWebKit/537.36 (KHTML, like Gecko) Chrome/145.0.0.0 Safari/537.36" 0.123540
[2m2026-03-02T08:58:18.179605Z[0m [32m INFO[0m [2mactix_web::middleware::logger[0m[2m:[0m 172.31.15.48 "GET /api/market-data/price/NAS100USD HTTP/1.1" 200 117 "https://app.project-bubblegum.shop/" "Mozilla/5.0 (Macintosh; Intel Mac OS X 10_15_7) AppleWebKit/537.36 (KHTML, like Gecko) Chrome/145.0.0.0 Safari/537.36" 0.119276
[2m2026-03-02T08:58:18.332445Z[0m [32m INFO[0m [2mactix_web::middleware::logger[0m[2m:[0m 172.31.15.48 "GET /api/market-data/price/USDJPY HTTP/1.1" 200 131 "https://app.project-bubblegum.shop/" "Mozilla/5.0 (Macintosh; Intel Mac OS X 10_15_7) AppleWebKit/537.36 (KHTML, like Gecko) Chrome/145.0.0.0 Safari/537.36" 0.122291
[2m2026-03-02T08:58:18.486567Z[0m [32m INFO[0m [2mactix_web::middleware::logger[0m[2m:[0m 172.31.15.48 "GET /api/market-data/price/EURUSD HTTP/1.1" 200 133 "https://app.project-bubblegum.shop/" "Mozilla/5.0 (Macintosh; Intel Mac OS X 10_15_7) AppleWebKit/537.36 (KHTML, like Gecko) Chrome/145.0.0.0 Safari/537.36" 0.125450
[2m2026-03-02T08:58:18.587812Z[0m [32m INFO[0m [2mactix_web::middleware::logger[0m[2m:[0m 172.31.15.48 "GET /api/trading/positions HTTP/1.1" 200 653 "https://app.project-bubblegum.shop/" "Mozilla/5.0 (Macintosh; Intel Mac OS X 10_15_7) AppleWebKit/537.36 (KHTML, like Gecko) Chrome/145.0.0.0 Safari/537.36" 0.122921
[2m2026-03-02T08:58:18.658787Z[0m [32m INFO[0m [2mactix_web::middleware::logger[0m[2m:[0m 172.31.15.48 "GET /api/market-data/price/BTCUSD HTTP/1.1" 200 115 "https://app.project-bubblegum.shop/" "Mozilla/5.0 (Macintosh; Intel Mac OS X 10_15_7) AppleWebKit/537.36 (KHTML, like Gecko) Chrome/145.0.0.0 Safari/537.36" 0.132926
[2m2026-03-02T08:58:18.753881Z[0m [32m INFO[0m [2mactix_web::middleware::logger[0m[2m:[0m 172.31.15.48 "GET /api/trading/trades/open HTTP/1.1" 200 1886 "https://app.project-bubblegum.shop/" "Mozilla/5.0 (Macintosh; Intel Mac OS X 10_15_7) AppleWebKit/537.36 (KHTML, like Gecko) Chrome/145.0.0.0 Safari/537.36" 0.125160
[2m2026-03-02T08:58:18.808746Z[0m [32m INFO[0m [2mactix_web::middleware::logger[0m[2m:[0m 172.31.15.48 "GET /api/market-data/price/GBPUSD HTTP/1.1" 200 143 "https://app.project-bubblegum.shop/" "Mozilla/5.0 (Macintosh; Intel Mac OS X 10_15_7) AppleWebKit/537.36 (KHTML, like Gecko) Chrome/145.0.0.0 Safari/537.36" 0.123206
[2m2026-03-02T08:58:18.964347Z[0m [32m INFO[0m [2mactix_web::middleware::logger[0m[2m:[0m 172.31.15.48 "GET /api/market-data/price/NATGASUSD HTTP/1.1" 200 129 "https://app.project-bubblegum.shop/" "Mozilla/5.0 (Macintosh; Intel Mac OS X 10_15_7) AppleWebKit/537.36 (KHTML, like Gecko) Chrome/145.0.0.0 Safari/537.36" 0.123689
[2m2026-03-02T08:58:19.118865Z[0m [32m INFO[0m [2mactix_web::middleware::logger[0m[2m:[0m 172.31.15.48 "GET /api/market-data/price/WTICOUSD HTTP/1.1" 200 129 "https://app.project-bubblegum.shop/" "Mozilla/5.0 (Macintosh; Intel Mac OS X 10_15_7) AppleWebKit/537.36 (KHTML, like Gecko) Chrome/145.0.0.0 Safari/537.36" 0.118235
[2m2026-03-02T08:58:19.875875Z[0m [32m INFO[0m [2mactix_web::middleware::logger[0m[2m:[0m 172.31.15.48 "GET /api/risk/status HTTP/1.1" 200 741 "https://app.project-bubblegum.shop/" "Mozilla/5.0 (Macintosh; Intel Mac OS X 10_15_7) AppleWebKit/537.36 (KHTML, like Gecko) Chrome/145.0.0.0 Safari/537.36" 0.000699
[2m2026-03-02T08:58:19.905258Z[0m [32m INFO[0m [2mactix_web::middleware::logger[0m[2m:[0m 172.31.15.48 "GET /api/bots HTTP/1.1" 200 27387 "https://app.project-bubblegum.shop/" "Mozilla/5.0 (Macintosh; Intel Mac OS X 10_15_7) AppleWebKit/537.36 (KHTML, like Gecko) Chrome/145.0.0.0 Safari/537.36" 0.029877
[2m2026-03-02T08:58:20.096904Z[0m [32m INFO[0m [2mactix_web::middleware::logger[0m[2m:[0m 172.31.15.48 "GET /api/market-data/price/XAUUSD HTTP/1.1" 200 129 "https://app.project-bubblegum.shop/" "Mozilla/5.0 (Macintosh; Intel Mac OS X 10_15_7) AppleWebKit/537.36 (KHTML, like Gecko) Chrome/145.0.0.0 Safari/537.36" 0.121146
[2m2026-03-02T08:58:22.937977Z[0m [32m INFO[0m [2mactix_web::middleware::logger[0m[2m:[0m 172.31.15.48 "GET /api/market-data/price/XAUUSD HTTP/1.1" 200 139 "https://app.project-bubblegum.shop/" "Mozilla/5.0 (Macintosh; Intel Mac OS X 10_15_7) AppleWebKit/537.36 (KHTML, like Gecko) Chrome/145.0.0.0 Safari/537.36" 0.117774
[2m2026-03-02T08:58:23.096361Z[0m [32m INFO[0m [2mactix_web::middleware::logger[0m[2m:[0m 172.31.15.48 "GET /api/market-data/price/NAS100USD HTTP/1.1" 200 117 "https://app.project-bubblegum.shop/" "Mozilla/5.0 (Macintosh; Intel Mac OS X 10_15_7) AppleWebKit/537.36 (KHTML, like Gecko) Chrome/145.0.0.0 Safari/537.36" 0.125054
[2m2026-03-02T08:58:23.263511Z[0m [32m INFO[0m [2mactix_web::middleware::logger[0m[2m:[0m 172.31.15.48 "GET /api/market-data/price/USDJPY HTTP/1.1" 200 131 "https://app.project-bubblegum.shop/" "Mozilla/5.0 (Macintosh; Intel Mac OS X 10_15_7) AppleWebKit/537.36 (KHTML, like Gecko) Chrome/145.0.0.0 Safari/537.36" 0.136640
[2m2026-03-02T08:58:23.352676Z[0m [32m INFO[0m [2mactix_web::middleware::logger[0m[2m:[0m 172.31.15.48 "GET /api/bots/activity/all?limit=100 HTTP/1.1" 200 28106 "https://app.project-bubblegum.shop/" "Mozilla/5.0 (Macintosh; Intel Mac OS X 10_15_7) AppleWebKit/537.36 (KHTML, like Gecko) Chrome/145.0.0.0 Safari/537.36" 0.002074
[2m2026-03-02T08:58:23.372864Z[0m [32m INFO[0m [2mactix_web::middleware::logger[0m[2m:[0m 172.31.15.48 "GET /api/bots HTTP/1.1" 200 27387 "https://app.project-bubblegum.shop/" "Mozilla/5.0 (Macintosh; Intel Mac OS X 10_15_7) AppleWebKit/537.36 (KHTML, like Gecko) Chrome/145.0.0.0 Safari/537.36" 0.022882
[2m2026-03-02T08:58:23.406882Z[0m [32m INFO[0m [2mactix_web::middleware::logger[0m[2m:[0m 172.31.15.48 "GET /api/strategies HTTP/1.1" 200 20866 "https://app.project-bubblegum.shop/" "Mozilla/5.0 (Macintosh; Intel Mac OS X 10_15_7) AppleWebKit/537.36 (KHTML, like Gecko) Chrome/145.0.0.0 Safari/537.36" 0.001729
[2m2026-03-02T08:58:23.410021Z[0m [32m INFO[0m [2mactix_web::middleware::logger[0m[2m:[0m 172.31.15.48 "GET /api/market-data/price/EURUSD HTTP/1.1" 200 144 "https://app.project-bubblegum.shop/" "Mozilla/5.0 (Macintosh; Intel Mac OS X 10_15_7) AppleWebKit/537.36 (KHTML, like Gecko) Chrome/145.0.0.0 Safari/537.36" 0.117809
[2m2026-03-02T08:58:23.477716Z[0m [32m INFO[0m [2mactix_web::middleware::logger[0m[2m:[0m 172.31.15.48 "GET /api/bots/44e89400-ca87-41d0-86fe-5efc94cd5fe1/activity?limit=50 HTTP/1.1" 200 19425 "https://app.project-bubblegum.shop/" "Mozilla/5.0 (Macintosh; Intel Mac OS X 10_15_7) AppleWebKit/537.36 (KHTML, like Gecko) Chrome/145.0.0.0 Safari/537.36" 0.002175
[2m2026-03-02T08:58:23.564904Z[0m [32m INFO[0m [2mactix_web::middleware::logger[0m[2m:[0m 172.31.15.48 "GET /api/market-data/price/XAUUSD HTTP/1.1" 200 129 "https://app.project-bubblegum.shop/" "Mozilla/5.0 (Macintosh; Intel Mac OS X 10_15_7) AppleWebKit/537.36 (KHTML, like Gecko) Chrome/145.0.0.0 Safari/537.36" 0.118616
[2m2026-03-02T08:58:23.587747Z[0m [32m INFO[0m [2mactix_web::middleware::logger[0m[2m:[0m 172.31.15.48 "GET /api/market-data/price/BTCUSD HTTP/1.1" 200 115 "https://app.project-bubblegum.shop/" "Mozilla/5.0 (Macintosh; Intel Mac OS X 10_15_7) AppleWebKit/537.36 (KHTML, like Gecko) Chrome/145.0.0.0 Safari/537.36" 0.152226
[2m2026-03-02T08:58:23.606195Z[0m [32m INFO[0m [2mactix_web::middleware::logger[0m[2m:[0m 172.31.15.48 "GET /api/trading/positions HTTP/1.1" 200 653 "https://app.project-bubblegum.shop/" "Mozilla/5.0 (Macintosh; Intel Mac OS X 10_15_7) AppleWebKit/537.36 (KHTML, like Gecko) Chrome/145.0.0.0 Safari/537.36" 0.131281
[2m2026-03-02T08:58:23.742168Z[0m [32m INFO[0m [2mactix_web::middleware::logger[0m[2m:[0m 172.31.15.48 "GET /api/market-data/price/GBPUSD HTTP/1.1" 200 133 "https://app.project-bubblegum.shop/" "Mozilla/5.0 (Macintosh; Intel Mac OS X 10_15_7) AppleWebKit/537.36 (KHTML, like Gecko) Chrome/145.0.0.0 Safari/537.36" 0.122379
[2m2026-03-02T08:58:23.765192Z[0m [32m INFO[0m [2mactix_web::middleware::logger[0m[2m:[0m 172.31.15.48 "GET /api/market-data/price/NAS100USD HTTP/1.1" 200 132 "https://app.project-bubblegum.shop/" "Mozilla/5.0 (Macintosh; Intel Mac OS X 10_15_7) AppleWebKit/537.36 (KHTML, like Gecko) Chrome/145.0.0.0 Safari/537.36" 0.174227
[2m2026-03-02T08:58:23.766912Z[0m [32m INFO[0m [2mactix_web::middleware::logger[0m[2m:[0m 172.31.15.48 "GET /api/trading/trades/open HTTP/1.1" 200 1885 "https://app.project-bubblegum.shop/" "Mozilla/5.0 (Macintosh; Intel Mac OS X 10_15_7) AppleWebKit/537.36 (KHTML, like Gecko) Chrome/145.0.0.0 Safari/537.36" 0.122139
[2m2026-03-02T08:58:23.897175Z[0m [32m INFO[0m [2mactix_web::middleware::logger[0m[2m:[0m 172.31.15.48 "GET /api/market-data/price/NATGASUSD HTTP/1.1" 200 129 "https://app.project-bubblegum.shop/" "Mozilla/5.0 (Macintosh; Intel Mac OS X 10_15_7) AppleWebKit/537.36 (KHTML, like Gecko) Chrome/145.0.0.0 Safari/537.36" 0.122179
[2m2026-03-02T08:58:23.932212Z[0m [32m INFO[0m [2mactix_web::middleware::logger[0m[2m:[0m 172.31.15.48 "GET /api/market-data/price/USDJPY HTTP/1.1" 200 131 "https://app.project-bubblegum.shop/" "Mozilla/5.0 (Macintosh; Intel Mac OS X 10_15_7) AppleWebKit/537.36 (KHTML, like Gecko) Chrome/145.0.0.0 Safari/537.36" 0.126855
[2m2026-03-02T08:58:24.059972Z[0m [32m INFO[0m [2mactix_web::middleware::logger[0m[2m:[0m 172.31.15.48 "GET /api/market-data/price/WTICOUSD HTTP/1.1" 200 129 "https://app.project-bubblegum.shop/" "Mozilla/5.0 (Macintosh; Intel Mac OS X 10_15_7) AppleWebKit/537.36 (KHTML, like Gecko) Chrome/145.0.0.0 Safari/537.36" 0.134447
[2m2026-03-02T08:58:24.086364Z[0m [32m INFO[0m [2mactix_web::middleware::logger[0m[2m:[0m 172.31.15.48 "GET /api/market-data/price/EURUSD HTTP/1.1" 200 144 "https://app.project-bubblegum.shop/" "Mozilla/5.0 (Macintosh; Intel Mac OS X 10_15_7) AppleWebKit/537.36 (KHTML, like Gecko) Chrome/145.0.0.0 Safari/537.36" 0.125579
[2m2026-03-02T08:58:24.265886Z[0m [32m INFO[0m [2mactix_web::middleware::logger[0m[2m:[0m 172.31.15.48 "GET /api/market-data/price/BTCUSD HTTP/1.1" 200 115 "https://app.project-bubblegum.shop/" "Mozilla/5.0 (Macintosh; Intel Mac OS X 10_15_7) AppleWebKit/537.36 (KHTML, like Gecko) Chrome/145.0.0.0 Safari/537.36" 0.139226
[2m2026-03-02T08:58:24.420692Z[0m [32m INFO[0m [2mactix_web::middleware::logger[0m[2m:[0m 172.31.15.48 "GET /api/market-data/price/GBPUSD HTTP/1.1" 200 133 "https://app.project-bubblegum.shop/" "Mozilla/5.0 (Macintosh; Intel Mac OS X 10_15_7) AppleWebKit/537.36 (KHTML, like Gecko) Chrome/145.0.0.0 Safari/537.36" 0.124818
[2m2026-03-02T08:58:24.592402Z[0m [32m INFO[0m [2mactix_web::middleware::logger[0m[2m:[0m 172.31.15.48 "GET /api/market-data/price/NATGASUSD HTTP/1.1" 200 129 "https://app.project-bubblegum.shop/" "Mozilla/5.0 (Macintosh; Intel Mac OS X 10_15_7) AppleWebKit/537.36 (KHTML, like Gecko) Chrome/145.0.0.0 Safari/537.36" 0.145565
[2m2026-03-02T08:58:24.753142Z[0m [32m INFO[0m [2mactix_web::middleware::logger[0m[2m:[0m 172.31.15.48 "GET /api/market-data/price/WTICOUSD HTTP/1.1" 200 129 "https://app.project-bubblegum.shop/" "Mozilla/5.0 (Macintosh; Intel Mac OS X 10_15_7) AppleWebKit/537.36 (KHTML, like Gecko) Chrome/145.0.0.0 Safari/537.36" 0.128110
[2m2026-03-02T08:58:24.972091Z[0m [32m INFO[0m [2mactix_web::middleware::logger[0m[2m:[0m 172.31.15.48 "GET /api/bots/activity/all?limit=20 HTTP/1.1" 200 5654 "https://app.project-bubblegum.shop/" "Mozilla/5.0 (Macintosh; Intel Mac OS X 10_15_7) AppleWebKit/537.36 (KHTML, like Gecko) Chrome/145.0.0.0 Safari/537.36" 0.001945
[2m2026-03-02T08:58:27.760583Z[0m [32m INFO[0m [2mactix_web::middleware::logger[0m[2m:[0m 172.31.15.48 "OPTIONS /api/bots/44e89400-ca87-41d0-86fe-5efc94cd5fe1/cooldown HTTP/1.1" 200 0 "https://app.project-bubblegum.shop/" "Mozilla/5.0 (Macintosh; Intel Mac OS X 10_15_7) AppleWebKit/537.36 (KHTML, like Gecko) Chrome/145.0.0.0 Safari/537.36" 0.000057
[2m2026-03-02T08:58:27.760699Z[0m [32m INFO[0m [2mactix_web::middleware::logger[0m[2m:[0m 172.31.15.48 "OPTIONS /api/bots/28834cfb-c37a-4005-905c-1f92de8063c4/cooldown HTTP/1.1" 200 0 "https://app.project-bubblegum.shop/" "Mozilla/5.0 (Macintosh; Intel Mac OS X 10_15_7) AppleWebKit/537.36 (KHTML, like Gecko) Chrome/145.0.0.0 Safari/537.36" 0.000052
[2m2026-03-02T08:58:27.767114Z[0m [32m INFO[0m [2mactix_web::middleware::logger[0m[2m:[0m 172.31.15.48 "OPTIONS /api/bots/d25c78da-dd75-4c6d-bfde-781a7ef00932/cooldown HTTP/1.1" 200 0 "https://app.project-bubblegum.shop/" "Mozilla/5.0 (Macintosh; Intel Mac OS X 10_15_7) AppleWebKit/537.36 (KHTML, like Gecko) Chrome/145.0.0.0 Safari/537.36" 0.000031
[2m2026-03-02T08:58:27.767664Z[0m [32m INFO[0m [2mactix_web::middleware::logger[0m[2m:[0m 172.31.15.48 "OPTIONS /api/bots/0eafdac4-3954-4879-8886-32f031ca18bd/cooldown HTTP/1.1" 200 0 "https://app.project-bubblegum.shop/" "Mozilla/5.0 (Macintosh; Intel Mac OS X 10_15_7) AppleWebKit/537.36 (KHTML, like Gecko) Chrome/145.0.0.0 Safari/537.36" 0.000020
[2m2026-03-02T08:58:27.767746Z[0m [32m INFO[0m [2mactix_web::middleware::logger[0m[2m:[0m 172.31.15.48 "OPTIONS /api/bots/3dd110ff-2090-4eec-ac95-bb560e3c16a9/cooldown HTTP/1.1" 200 0 "https://app.project-bubblegum.shop/" "Mozilla/5.0 (Macintosh; Intel Mac OS X 10_15_7) AppleWebKit/537.36 (KHTML, like Gecko) Chrome/145.0.0.0 Safari/537.36" 0.000007
[2m2026-03-02T08:58:27.769818Z[0m [32m INFO[0m [2mactix_web::middleware::logger[0m[2m:[0m 172.31.15.48 "GET /api/bots/62ff0517-1103-4b7d-bca7-74f1d371fa77/cooldown HTTP/1.1" 200 87 "https://app.project-bubblegum.shop/" "Mozilla/5.0 (Macintosh; Intel Mac OS X 10_15_7) AppleWebKit/537.36 (KHTML, like Gecko) Chrome/145.0.0.0 Safari/537.36" 0.002892
[2m2026-03-02T08:58:27.770158Z[0m [32m INFO[0m [2mactix_web::middleware::logger[0m[2m:[0m 172.31.15.48 "GET /api/bots/687222ae-58d5-42a1-bc99-18359a2bcba9/cooldown HTTP/1.1" 200 87 "https://app.project-bubblegum.shop/" "Mozilla/5.0 (Macintosh; Intel Mac OS X 10_15_7) AppleWebKit/537.36 (KHTML, like Gecko) Chrome/145.0.0.0 Safari/537.36" 0.003230
[2m2026-03-02T08:58:27.775220Z[0m [32m INFO[0m [2mactix_web::middleware::logger[0m[2m:[0m 172.31.15.48 "OPTIONS /api/bots/dfd8878e-89d7-408b-b569-ea8e54fa7c57/cooldown HTTP/1.1" 200 0 "https://app.project-bubblegum.shop/" "Mozilla/5.0 (Macintosh; Intel Mac OS X 10_15_7) AppleWebKit/537.36 (KHTML, like Gecko) Chrome/145.0.0.0 Safari/537.36" 0.000029
[2m2026-03-02T08:58:27.775222Z[0m [32m INFO[0m [2mactix_web::middleware::logger[0m[2m:[0m 172.31.15.48 "OPTIONS /api/bots/b43bd638-2279-4cc3-bafd-0a33b57e0b1d/cooldown HTTP/1.1" 200 0 "https://app.project-bubblegum.shop/" "Mozilla/5.0 (Macintosh; Intel Mac OS X 10_15_7) AppleWebKit/537.36 (KHTML, like Gecko) Chrome/145.0.0.0 Safari/537.36" 0.000031
[2m2026-03-02T08:58:27.775261Z[0m [32m INFO[0m [2mactix_web::middleware::logger[0m[2m:[0m 172.31.15.48 "OPTIONS /api/bots/2c3b0cbb-597e-48d9-b099-c614182d6860/cooldown HTTP/1.1" 200 0 "https://app.project-bubblegum.shop/" "Mozilla/5.0 (Macintosh; Intel Mac OS X 10_15_7) AppleWebKit/537.36 (KHTML, like Gecko) Chrome/145.0.0.0 Safari/537.36" 0.000007
[2m2026-03-02T08:58:27.775286Z[0m [32m INFO[0m [2mactix_web::middleware::logger[0m[2m:[0m 172.31.15.48 "OPTIONS /api/bots/cb083586-43ba-423b-861b-f60220821800/cooldown HTTP/1.1" 200 0 "https://app.project-bubblegum.shop/" "Mozilla/5.0 (Macintosh; Intel Mac OS X 10_15_7) AppleWebKit/537.36 (KHTML, like Gecko) Chrome/145.0.0.0 Safari/537.36" 0.000005
[2m2026-03-02T08:58:27.775941Z[0m [32m INFO[0m [2mactix_web::middleware::logger[0m[2m:[0m 172.31.15.48 "OPTIONS /api/bots/3015c5e0-b957-4cc9-be9b-01d93d94a6c2/cooldown HTTP/1.1" 200 0 "https://app.project-bubblegum.shop/" "Mozilla/5.0 (Macintosh; Intel Mac OS X 10_15_7) AppleWebKit/537.36 (KHTML, like Gecko) Chrome/145.0.0.0 Safari/537.36" 0.000025
[2m2026-03-02T08:58:27.776607Z[0m [32m INFO[0m [2mactix_web::middleware::logger[0m[2m:[0m 172.31.15.48 "OPTIONS /api/bots/34a21f35-01f0-4913-9980-b3ed9eba1a68/cooldown HTTP/1.1" 200 0 "https://app.project-bubblegum.shop/" "Mozilla/5.0 (Macintosh; Intel Mac OS X 10_15_7) AppleWebKit/537.36 (KHTML, like Gecko) Chrome/145.0.0.0 Safari/537.36" 0.000024
[2m2026-03-02T08:58:27.776643Z[0m [32m INFO[0m [2mactix_web::middleware::logger[0m[2m:[0m 172.31.15.48 "OPTIONS /api/bots/cd206081-e2bc-4dc3-abec-a5869634d79d/cooldown HTTP/1.1" 200 0 "https://app.project-bubblegum.shop/" "Mozilla/5.0 (Macintosh; Intel Mac OS X 10_15_7) AppleWebKit/537.36 (KHTML, like Gecko) Chrome/145.0.0.0 Safari/537.36" 0.000010
[2m2026-03-02T08:58:27.776657Z[0m [32m INFO[0m [2mactix_web::middleware::logger[0m[2m:[0m 172.31.15.48 "OPTIONS /api/bots/15d242e4-26c2-4caf-bc8b-2ee42ee108e4/cooldown HTTP/1.1" 200 0 "https://app.project-bubblegum.shop/" "Mozilla/5.0 (Macintosh; Intel Mac OS X 10_15_7) AppleWebKit/537.36 (KHTML, like Gecko) Chrome/145.0.0.0 Safari/537.36" 0.000005
[2m2026-03-02T08:58:27.776668Z[0m [32m INFO[0m [2mactix_web::middleware::logger[0m[2m:[0m 172.31.15.48 "OPTIONS /api/bots/ce318bfe-b724-494e-a8c0-aae71855b932/cooldown HTTP/1.1" 200 0 "https://app.project-bubblegum.shop/" "Mozilla/5.0 (Macintosh; Intel Mac OS X 10_15_7) AppleWebKit/537.36 (KHTML, like Gecko) Chrome/145.0.0.0 Safari/537.36" 0.000004
[2m2026-03-02T08:58:27.776710Z[0m [32m INFO[0m [2mactix_web::middleware::logger[0m[2m:[0m 172.31.15.48 "OPTIONS /api/bots/ba5ffe96-f26b-494f-9136-5e14cbe59286/cooldown HTTP/1.1" 200 0 "https://app.project-bubblegum.shop/" "Mozilla/5.0 (Macintosh; Intel Mac OS X 10_15_7) AppleWebKit/537.36 (KHTML, like Gecko) Chrome/145.0.0.0 Safari/537.36" 0.000025
[2m2026-03-02T08:58:27.778263Z[0m [32m INFO[0m [2mactix_web::middleware::logger[0m[2m:[0m 172.31.15.48 "GET /api/bots/94e5d0fb-86c5-47ad-a820-cb8b5d49795b/cooldown HTTP/1.1" 200 118 "https://app.project-bubblegum.shop/" "Mozilla/5.0 (Macintosh; Intel Mac OS X 10_15_7) AppleWebKit/537.36 (KHTML, like Gecko) Chrome/145.0.0.0 Safari/537.36" 0.002375
[2m2026-03-02T08:58:27.778571Z[0m [32m INFO[0m [2mactix_web::middleware::logger[0m[2m:[0m 172.31.15.48 "GET /api/bots/67d7cd32-dee6-487d-bf46-ef5861e5bf47/cooldown HTTP/1.1" 200 87 "https://app.project-bubblegum.shop/" "Mozilla/5.0 (Macintosh; Intel Mac OS X 10_15_7) AppleWebKit/537.36 (KHTML, like Gecko) Chrome/145.0.0.0 Safari/537.36" 0.003316
[2m2026-03-02T08:58:27.779003Z[0m [32m INFO[0m [2mactix_web::middleware::logger[0m[2m:[0m 172.31.15.48 "GET /api/bots/24057119-452f-42ff-8820-a47746af3fa4/cooldown HTTP/1.1" 200 117 "https://app.project-bubblegum.shop/" "Mozilla/5.0 (Macintosh; Intel Mac OS X 10_15_7) AppleWebKit/537.36 (KHTML, like Gecko) Chrome/145.0.0.0 Safari/537.36" 0.002235
[2m2026-03-02T08:58:27.779028Z[0m [32m INFO[0m [2mactix_web::middleware::logger[0m[2m:[0m 172.31.15.48 "GET /api/bots/6d107fa4-024a-4619-a89d-ae9c99aa605e/cooldown HTTP/1.1" 200 87 "https://app.project-bubblegum.shop/" "Mozilla/5.0 (Macintosh; Intel Mac OS X 10_15_7) AppleWebKit/537.36 (KHTML, like Gecko) Chrome/145.0.0.0 Safari/537.36" 0.002296
[2m2026-03-02T08:58:27.780186Z[0m [32m INFO[0m [2mactix_web::middleware::logger[0m[2m:[0m 172.31.15.48 "OPTIONS /api/bots/47f85108-8400-4652-9147-6c9dd838e614/cooldown HTTP/1.1" 200 0 "https://app.project-bubblegum.shop/" "Mozilla/5.0 (Macintosh; Intel Mac OS X 10_15_7) AppleWebKit/537.36 (KHTML, like Gecko) Chrome/145.0.0.0 Safari/537.36" 0.000025
[2m2026-03-02T08:58:27.780537Z[0m [32m INFO[0m [2mactix_web::middleware::logger[0m[2m:[0m 172.31.15.48 "OPTIONS /api/bots/561643a5-3a75-43af-9692-b9d1aa6be857/cooldown HTTP/1.1" 200 0 "https://app.project-bubblegum.shop/" "Mozilla/5.0 (Macintosh; Intel Mac OS X 10_15_7) AppleWebKit/537.36 (KHTML, like Gecko) Chrome/145.0.0.0 Safari/537.36" 0.000023
[2m2026-03-02T08:58:27.780597Z[0m [32m INFO[0m [2mactix_web::middleware::logger[0m[2m:[0m 172.31.15.48 "OPTIONS /api/bots/bdbdf0e3-cb06-4b04-958e-169cf2b4da17/cooldown HTTP/1.1" 200 0 "https://app.project-bubblegum.shop/" "Mozilla/5.0 (Macintosh; Intel Mac OS X 10_15_7) AppleWebKit/537.36 (KHTML, like Gecko) Chrome/145.0.0.0 Safari/537.36" 0.000008
[2m2026-03-02T08:58:27.780648Z[0m [32m INFO[0m [2mactix_web::middleware::logger[0m[2m:[0m 172.31.15.48 "OPTIONS /api/bots/ed8188c9-8a30-4dbc-8727-30cca56a115c/cooldown HTTP/1.1" 200 0 "https://app.project-bubblegum.shop/" "Mozilla/5.0 (Macintosh; Intel Mac OS X 10_15_7) AppleWebKit/537.36 (KHTML, like Gecko) Chrome/145.0.0.0 Safari/537.36" 0.000024
[2m2026-03-02T08:58:27.780684Z[0m [32m INFO[0m [2mactix_web::middleware::logger[0m[2m:[0m 172.31.15.48 "OPTIONS /api/bots/398e0499-ae16-42b8-8dac-08a9c49c46c8/cooldown HTTP/1.1" 200 0 "https://app.project-bubblegum.shop/" "Mozilla/5.0 (Macintosh; Intel Mac OS X 10_15_7) AppleWebKit/537.36 (KHTML, like Gecko) Chrome/145.0.0.0 Safari/537.36" 0.000008
[2m2026-03-02T08:58:27.780716Z[0m [32m INFO[0m [2mactix_web::middleware::logger[0m[2m:[0m 172.31.15.48 "OPTIONS /api/bots/cfe25049-8c86-4e99-bbaa-2db262da7d2b/cooldown HTTP/1.1" 200 0 "https://app.project-bubblegum.shop/" "Mozilla/5.0 (Macintosh; Intel Mac OS X 10_15_7) AppleWebKit/537.36 (KHTML, like Gecko) Chrome/145.0.0.0 Safari/537.36" 0.000020
[2m2026-03-02T08:58:27.782373Z[0m [32m INFO[0m [2mactix_web::middleware::logger[0m[2m:[0m 172.31.15.48 "GET /api/bots/92f12994-d297-4999-93be-3d7194ec8960/cooldown HTTP/1.1" 200 87 "https://app.project-bubblegum.shop/" "Mozilla/5.0 (Macintosh; Intel Mac OS X 10_15_7) AppleWebKit/537.36 (KHTML, like Gecko) Chrome/145.0.0.0 Safari/537.36" 0.001817
[2m2026-03-02T08:58:27.782381Z[0m [32m INFO[0m [2mactix_web::middleware::logger[0m[2m:[0m 172.31.15.48 "GET /api/bots/ffa8941c-4135-4ade-91b3-ea8461de8469/cooldown HTTP/1.1" 200 87 "https://app.project-bubblegum.shop/" "Mozilla/5.0 (Macintosh; Intel Mac OS X 10_15_7) AppleWebKit/537.36 (KHTML, like Gecko) Chrome/145.0.0.0 Safari/537.36" 0.002064
[2m2026-03-02T08:58:27.782500Z[0m [32m INFO[0m [2mactix_web::middleware::logger[0m[2m:[0m 172.31.15.48 "GET /api/bots/6cd4127e-a716-4eff-81e6-63758a945ddc/cooldown HTTP/1.1" 200 117 "https://app.project-bubblegum.shop/" "Mozilla/5.0 (Macintosh; Intel Mac OS X 10_15_7) AppleWebKit/537.36 (KHTML, like Gecko) Chrome/145.0.0.0 Safari/537.36" 0.001939
[2m2026-03-02T08:58:27.782789Z[0m [32m INFO[0m [2mactix_web::middleware::logger[0m[2m:[0m 172.31.15.48 "GET /api/bots/812e13d1-d426-4e3a-b72f-19c0e4c3ae77/cooldown HTTP/1.1" 200 117 "https://app.project-bubblegum.shop/" "Mozilla/5.0 (Macintosh; Intel Mac OS X 10_15_7) AppleWebKit/537.36 (KHTML, like Gecko) Chrome/145.0.0.0 Safari/537.36" 0.002067
[2m2026-03-02T08:58:27.803973Z[0m [32m INFO[0m [2mactix_web::middleware::logger[0m[2m:[0m 172.31.15.48 "GET /api/bots/901c7820-0947-4bb1-944b-ceb344895608/cooldown HTTP/1.1" 200 87 "https://app.project-bubblegum.shop/" "Mozilla/5.0 (Macintosh; Intel Mac OS X 10_15_7) AppleWebKit/537.36 (KHTML, like Gecko) Chrome/145.0.0.0 Safari/537.36" 0.001744
[2m2026-03-02T08:58:27.812195Z[0m [32m INFO[0m [2mactix_web::middleware::logger[0m[2m:[0m 172.31.15.48 "OPTIONS /api/bots/ea3f37d8-752f-4866-b8e4-2752dda2aae5/cooldown HTTP/1.1" 200 0 "https://app.project-bubblegum.shop/" "Mozilla/5.0 (Macintosh; Intel Mac OS X 10_15_7) AppleWebKit/537.36 (KHTML, like Gecko) Chrome/145.0.0.0 Safari/537.36" 0.000051
[2m2026-03-02T08:58:27.812294Z[0m [32m INFO[0m [2mactix_web::middleware::logger[0m[2m:[0m 172.31.15.48 "OPTIONS /api/bots/026e87be-dedc-430c-8422-857094954d78/cooldown HTTP/1.1" 200 0 "https://app.project-bubblegum.shop/" "Mozilla/5.0 (Macintosh; Intel Mac OS X 10_15_7) AppleWebKit/537.36 (KHTML, like Gecko) Chrome/145.0.0.0 Safari/537.36" 0.000019
[2m2026-03-02T08:58:27.812519Z[0m [32m INFO[0m [2mactix_web::middleware::logger[0m[2m:[0m 172.31.15.48 "OPTIONS /api/bots/565efa73-a739-4f9c-818c-a4c822fbc77c/cooldown HTTP/1.1" 200 0 "https://app.project-bubblegum.shop/" "Mozilla/5.0 (Macintosh; Intel Mac OS X 10_15_7) AppleWebKit/537.36 (KHTML, like Gecko) Chrome/145.0.0.0 Safari/537.36" 0.000010
[2m2026-03-02T08:58:27.815459Z[0m [32m INFO[0m [2mactix_web::middleware::logger[0m[2m:[0m 172.31.15.48 "GET /api/bots/44e89400-ca87-41d0-86fe-5efc94cd5fe1/cooldown HTTP/1.1" 200 118 "https://app.project-bubblegum.shop/" "Mozilla/5.0 (Macintosh; Intel Mac OS X 10_15_7) AppleWebKit/537.36 (KHTML, like Gecko) Chrome/145.0.0.0 Safari/537.36" 0.002707
[2m2026-03-02T08:58:27.816026Z[0m [32m INFO[0m [2mactix_web::middleware::logger[0m[2m:[0m 172.31.15.48 "GET /api/bots/b212be3a-375e-4666-be7c-a37ad828ce04/cooldown HTTP/1.1" 200 87 "https://app.project-bubblegum.shop/" "Mozilla/5.0 (Macintosh; Intel Mac OS X 10_15_7) AppleWebKit/537.36 (KHTML, like Gecko) Chrome/145.0.0.0 Safari/537.36" 0.003884
[2m2026-03-02T08:58:27.816807Z[0m [32m INFO[0m [2mactix_web::middleware::logger[0m[2m:[0m 172.31.15.48 "GET /api/bots/8c1cb90a-e1f8-4067-9de8-6ffa8c8383b6/cooldown HTTP/1.1" 200 87 "https://app.project-bubblegum.shop/" "Mozilla/5.0 (Macintosh; Intel Mac OS X 10_15_7) AppleWebKit/537.36 (KHTML, like Gecko) Chrome/145.0.0.0 Safari/537.36" 0.004450
[2m2026-03-02T08:58:27.816893Z[0m [32m INFO[0m [2mactix_web::middleware::logger[0m[2m:[0m 172.31.15.48 "GET /api/bots/7cd69aad-25ee-4f14-a127-f3e44540cd64/cooldown HTTP/1.1" 200 87 "https://app.project-bubblegum.shop/" "Mozilla/5.0 (Macintosh; Intel Mac OS X 10_15_7) AppleWebKit/537.36 (KHTML, like Gecko) Chrome/145.0.0.0 Safari/537.36" 0.004616
[2m2026-03-02T08:58:27.817032Z[0m [32m INFO[0m [2mactix_web::middleware::logger[0m[2m:[0m 172.31.15.48 "GET /api/bots/66cebb81-86f1-4322-8e14-6cf45c8edb92/cooldown HTTP/1.1" 200 117 "https://app.project-bubblegum.shop/" "Mozilla/5.0 (Macintosh; Intel Mac OS X 10_15_7) AppleWebKit/537.36 (KHTML, like Gecko) Chrome/145.0.0.0 Safari/537.36" 0.004551
[2m2026-03-02T08:58:27.817705Z[0m [32m INFO[0m [2mactix_web::middleware::logger[0m[2m:[0m 172.31.15.48 "GET /api/bots/615dd3e1-fc49-49c4-b2d8-26376cbb544e/cooldown HTTP/1.1" 200 87 "https://app.project-bubblegum.shop/" "Mozilla/5.0 (Macintosh; Intel Mac OS X 10_15_7) AppleWebKit/537.36 (KHTML, like Gecko) Chrome/145.0.0.0 Safari/537.36" 0.005154
[2m2026-03-02T08:58:27.817980Z[0m [32m INFO[0m [2mactix_web::middleware::logger[0m[2m:[0m 172.31.15.48 "GET /api/bots/d25c78da-dd75-4c6d-bfde-781a7ef00932/cooldown HTTP/1.1" 200 117 "https://app.project-bubblegum.shop/" "Mozilla/5.0 (Macintosh; Intel Mac OS X 10_15_7) AppleWebKit/537.36 (KHTML, like Gecko) Chrome/145.0.0.0 Safari/537.36" 0.005124
[2m2026-03-02T08:58:27.818061Z[0m [32m INFO[0m [2mactix_web::middleware::logger[0m[2m:[0m 172.31.15.48 "GET /api/bots/28834cfb-c37a-4005-905c-1f92de8063c4/cooldown HTTP/1.1" 200 87 "https://app.project-bubblegum.shop/" "Mozilla/5.0 (Macintosh; Intel Mac OS X 10_15_7) AppleWebKit/537.36 (KHTML, like Gecko) Chrome/145.0.0.0 Safari/537.36" 0.005273
[2m2026-03-02T08:58:27.818721Z[0m [32m INFO[0m [2mactix_web::middleware::logger[0m[2m:[0m 172.31.15.48 "GET /api/bots/3dd110ff-2090-4eec-ac95-bb560e3c16a9/cooldown HTTP/1.1" 200 87 "https://app.project-bubblegum.shop/" "Mozilla/5.0 (Macintosh; Intel Mac OS X 10_15_7) AppleWebKit/537.36 (KHTML, like Gecko) Chrome/145.0.0.0 Safari/537.36" 0.005740
[2m2026-03-02T08:58:27.818756Z[0m [32m INFO[0m [2mactix_web::middleware::logger[0m[2m:[0m 172.31.15.48 "GET /api/bots/0eafdac4-3954-4879-8886-32f031ca18bd/cooldown HTTP/1.1" 200 117 "https://app.project-bubblegum.shop/" "Mozilla/5.0 (Macintosh; Intel Mac OS X 10_15_7) AppleWebKit/537.36 (KHTML, like Gecko) Chrome/145.0.0.0 Safari/537.36" 0.005795
[2m2026-03-02T08:58:27.818913Z[0m [32m INFO[0m [2mactix_web::middleware::logger[0m[2m:[0m 172.31.15.48 "GET /api/bots/2c3b0cbb-597e-48d9-b099-c614182d6860/cooldown HTTP/1.1" 200 87 "https://app.project-bubblegum.shop/" "Mozilla/5.0 (Macintosh; Intel Mac OS X 10_15_7) AppleWebKit/537.36 (KHTML, like Gecko) Chrome/145.0.0.0 Safari/537.36" 0.005066
[2m2026-03-02T08:58:27.819054Z[0m [32m INFO[0m [2mactix_web::middleware::logger[0m[2m:[0m 172.31.15.48 "GET /api/bots/b43bd638-2279-4cc3-bafd-0a33b57e0b1d/cooldown HTTP/1.1" 200 87 "https://app.project-bubblegum.shop/" "Mozilla/5.0 (Macintosh; Intel Mac OS X 10_15_7) AppleWebKit/537.36 (KHTML, like Gecko) Chrome/145.0.0.0 Safari/537.36" 0.005952
[2m2026-03-02T08:58:27.819293Z[0m [32m INFO[0m [2mactix_web::middleware::logger[0m[2m:[0m 172.31.15.48 "GET /api/bots/cb083586-43ba-423b-861b-f60220821800/cooldown HTTP/1.1" 200 87 "https://app.project-bubblegum.shop/" "Mozilla/5.0 (Macintosh; Intel Mac OS X 10_15_7) AppleWebKit/537.36 (KHTML, like Gecko) Chrome/145.0.0.0 Safari/537.36" 0.005310
[2m2026-03-02T08:58:27.819533Z[0m [32m INFO[0m [2mactix_web::middleware::logger[0m[2m:[0m 172.31.15.48 "GET /api/bots/dfd8878e-89d7-408b-b569-ea8e54fa7c57/cooldown HTTP/1.1" 200 87 "https://app.project-bubblegum.shop/" "Mozilla/5.0 (Macintosh; Intel Mac OS X 10_15_7) AppleWebKit/537.36 (KHTML, like Gecko) Chrome/145.0.0.0 Safari/537.36" 0.005663
[2m2026-03-02T08:58:27.822605Z[0m [32m INFO[0m [2mactix_web::middleware::logger[0m[2m:[0m 172.31.15.48 "GET /api/bots/3015c5e0-b957-4cc9-be9b-01d93d94a6c2/cooldown HTTP/1.1" 200 87 "https://app.project-bubblegum.shop/" "Mozilla/5.0 (Macintosh; Intel Mac OS X 10_15_7) AppleWebKit/537.36 (KHTML, like Gecko) Chrome/145.0.0.0 Safari/537.36" 0.002179
[2m2026-03-02T08:58:27.837693Z[0m [32m INFO[0m [2mactix_web::middleware::logger[0m[2m:[0m 172.31.15.48 "GET /api/bots/ce318bfe-b724-494e-a8c0-aae71855b932/cooldown HTTP/1.1" 200 118 "https://app.project-bubblegum.shop/" "Mozilla/5.0 (Macintosh; Intel Mac OS X 10_15_7) AppleWebKit/537.36 (KHTML, like Gecko) Chrome/145.0.0.0 Safari/537.36" 0.001790
[2m2026-03-02T08:58:27.837750Z[0m [32m INFO[0m [2mactix_web::middleware::logger[0m[2m:[0m 172.31.15.48 "GET /api/bots/cd206081-e2bc-4dc3-abec-a5869634d79d/cooldown HTTP/1.1" 200 87 "https://app.project-bubblegum.shop/" "Mozilla/5.0 (Macintosh; Intel Mac OS X 10_15_7) AppleWebKit/537.36 (KHTML, like Gecko) Chrome/145.0.0.0 Safari/537.36" 0.002174
[2m2026-03-02T08:58:27.838348Z[0m [32m INFO[0m [2mactix_web::middleware::logger[0m[2m:[0m 172.31.15.48 "GET /api/bots/ba5ffe96-f26b-494f-9136-5e14cbe59286/cooldown HTTP/1.1" 200 87 "https://app.project-bubblegum.shop/" "Mozilla/5.0 (Macintosh; Intel Mac OS X 10_15_7) AppleWebKit/537.36 (KHTML, like Gecko) Chrome/145.0.0.0 Safari/537.36" 0.002395
[2m2026-03-02T08:58:27.838619Z[0m [32m INFO[0m [2mactix_web::middleware::logger[0m[2m:[0m 172.31.15.48 "GET /api/bots/15d242e4-26c2-4caf-bc8b-2ee42ee108e4/cooldown HTTP/1.1" 200 87 "https://app.project-bubblegum.shop/" "Mozilla/5.0 (Macintosh; Intel Mac OS X 10_15_7) AppleWebKit/537.36 (KHTML, like Gecko) Chrome/145.0.0.0 Safari/537.36" 0.002953
[2m2026-03-02T08:58:27.838795Z[0m [32m INFO[0m [2mactix_web::middleware::logger[0m[2m:[0m 172.31.15.48 "GET /api/bots/34a21f35-01f0-4913-9980-b3ed9eba1a68/cooldown HTTP/1.1" 200 117 "https://app.project-bubblegum.shop/" "Mozilla/5.0 (Macintosh; Intel Mac OS X 10_15_7) AppleWebKit/537.36 (KHTML, like Gecko) Chrome/145.0.0.0 Safari/537.36" 0.003102
[2m2026-03-02T08:58:27.848779Z[0m [32m INFO[0m [2mactix_web::middleware::logger[0m[2m:[0m 172.31.15.48 "GET /api/bots/bdbdf0e3-cb06-4b04-958e-169cf2b4da17/cooldown HTTP/1.1" 200 117 "https://app.project-bubblegum.shop/" "Mozilla/5.0 (Macintosh; Intel Mac OS X 10_15_7) AppleWebKit/537.36 (KHTML, like Gecko) Chrome/145.0.0.0 Safari/537.36" 0.003840
[2m2026-03-02T08:58:27.849019Z[0m [32m INFO[0m [2mactix_web::middleware::logger[0m[2m:[0m 172.31.15.48 "GET /api/bots/ed8188c9-8a30-4dbc-8727-30cca56a115c/cooldown HTTP/1.1" 200 117 "https://app.project-bubblegum.shop/" "Mozilla/5.0 (Macintosh; Intel Mac OS X 10_15_7) AppleWebKit/537.36 (KHTML, like Gecko) Chrome/145.0.0.0 Safari/537.36" 0.003996
[2m2026-03-02T08:58:27.849496Z[0m [32m INFO[0m [2mactix_web::middleware::logger[0m[2m:[0m 172.31.15.48 "GET /api/bots/561643a5-3a75-43af-9692-b9d1aa6be857/cooldown HTTP/1.1" 200 87 "https://app.project-bubblegum.shop/" "Mozilla/5.0 (Macintosh; Intel Mac OS X 10_15_7) AppleWebKit/537.36 (KHTML, like Gecko) Chrome/145.0.0.0 Safari/537.36" 0.004677
[2m2026-03-02T08:58:27.849504Z[0m [32m INFO[0m [2mactix_web::middleware::logger[0m[2m:[0m 172.31.15.48 "GET /api/bots/47f85108-8400-4652-9147-6c9dd838e614/cooldown HTTP/1.1" 200 117 "https://app.project-bubblegum.shop/" "Mozilla/5.0 (Macintosh; Intel Mac OS X 10_15_7) AppleWebKit/537.36 (KHTML, like Gecko) Chrome/145.0.0.0 Safari/537.36" 0.004714
[2m2026-03-02T08:58:27.850070Z[0m [32m INFO[0m [2mactix_web::middleware::logger[0m[2m:[0m 172.31.15.48 "GET /api/bots/398e0499-ae16-42b8-8dac-08a9c49c46c8/cooldown HTTP/1.1" 200 117 "https://app.project-bubblegum.shop/" "Mozilla/5.0 (Macintosh; Intel Mac OS X 10_15_7) AppleWebKit/537.36 (KHTML, like Gecko) Chrome/145.0.0.0 Safari/537.36" 0.005093
[2m2026-03-02T08:58:27.850659Z[0m [32m INFO[0m [2mactix_web::middleware::logger[0m[2m:[0m 172.31.15.48 "GET /api/bots/026e87be-dedc-430c-8422-857094954d78/cooldown HTTP/1.1" 200 117 "https://app.project-bubblegum.shop/" "Mozilla/5.0 (Macintosh; Intel Mac OS X 10_15_7) AppleWebKit/537.36 (KHTML, like Gecko) Chrome/145.0.0.0 Safari/537.36" 0.005138
[2m2026-03-02T08:58:27.850699Z[0m [32m INFO[0m [2mactix_web::middleware::logger[0m[2m:[0m 172.31.15.48 "GET /api/bots/ea3f37d8-752f-4866-b8e4-2752dda2aae5/cooldown HTTP/1.1" 200 87 "https://app.project-bubblegum.shop/" "Mozilla/5.0 (Macintosh; Intel Mac OS X 10_15_7) AppleWebKit/537.36 (KHTML, like Gecko) Chrome/145.0.0.0 Safari/537.36" 0.005252
[2m2026-03-02T08:58:27.850740Z[0m [32m INFO[0m [2mactix_web::middleware::logger[0m[2m:[0m 172.31.15.48 "GET /api/bots/cfe25049-8c86-4e99-bbaa-2db262da7d2b/cooldown HTTP/1.1" 200 117 "https://app.project-bubblegum.shop/" "Mozilla/5.0 (Macintosh; Intel Mac OS X 10_15_7) AppleWebKit/537.36 (KHTML, like Gecko) Chrome/145.0.0.0 Safari/537.36" 0.005236
[2m2026-03-02T08:58:27.851530Z[0m [32m INFO[0m [2mactix_web::middleware::logger[0m[2m:[0m 172.31.15.48 "GET /api/bots/565efa73-a739-4f9c-818c-a4c822fbc77c/cooldown HTTP/1.1" 200 87 "https://app.project-bubblegum.shop/" "Mozilla/5.0 (Macintosh; Intel Mac OS X 10_15_7) AppleWebKit/537.36 (KHTML, like Gecko) Chrome/145.0.0.0 Safari/537.36" 0.005983
[2m2026-03-02T08:58:27.968955Z[0m [32m INFO[0m [2mactix_web::middleware::logger[0m[2m:[0m 172.31.15.48 "GET /api/health HTTP/1.1" 404 0 "-" "ELB-HealthChecker/2.0" 0.000057
[2m2026-03-02T08:58:28.076733Z[0m [32m INFO[0m [2mactix_web::middleware::logger[0m[2m:[0m 172.31.15.48 "GET /api/market-data/price/XAUUSD HTTP/1.1" 200 129 "https://app.project-bubblegum.shop/" "Mozilla/5.0 (Macintosh; Intel Mac OS X 10_15_7) AppleWebKit/537.36 (KHTML, like Gecko) Chrome/145.0.0.0 Safari/537.36" 0.166456
[2m2026-03-02T08:58:28.078224Z[0m [32m INFO[0m [2mactix_web::middleware::logger[0m[2m:[0m 172.31.15.48 "GET /api/market-data/price/BTCUSD HTTP/1.1" 200 115 "https://app.project-bubblegum.shop/" "Mozilla/5.0 (Macintosh; Intel Mac OS X 10_15_7) AppleWebKit/537.36 (KHTML, like Gecko) Chrome/145.0.0.0 Safari/537.36" 0.167531
[2m2026-03-02T08:58:28.080544Z[0m [32m INFO[0m [2mactix_web::middleware::logger[0m[2m:[0m 172.31.15.48 "GET /api/market-data/price/NATGAS_USD HTTP/1.1" 200 130 "https://app.project-bubblegum.shop/" "Mozilla/5.0 (Macintosh; Intel Mac OS X 10_15_7) AppleWebKit/537.36 (KHTML, like Gecko) Chrome/145.0.0.0 Safari/537.36" 0.130772
[2m2026-03-02T08:58:28.082134Z[0m [32m INFO[0m [2mactix_web::middleware::logger[0m[2m:[0m 172.31.15.48 "GET /api/market-data/price/WTICO_USD HTTP/1.1" 200 130 "https://app.project-bubblegum.shop/" "Mozilla/5.0 (Macintosh; Intel Mac OS X 10_15_7) AppleWebKit/537.36 (KHTML, like Gecko) Chrome/145.0.0.0 Safari/537.36" 0.132916
[2m2026-03-02T08:58:28.083487Z[0m [32m INFO[0m [2mactix_web::middleware::logger[0m[2m:[0m 172.31.15.48 "GET /api/market-data/price/EURUSD HTTP/1.1" 200 133 "https://app.project-bubblegum.shop/" "Mozilla/5.0 (Macintosh; Intel Mac OS X 10_15_7) AppleWebKit/537.36 (KHTML, like Gecko) Chrome/145.0.0.0 Safari/537.36" 0.153504
[2m2026-03-02T08:58:28.113696Z[0m [32m INFO[0m [2mactix_web::middleware::logger[0m[2m:[0m 172.31.15.48 "GET /api/market-data/price/USDJPY HTTP/1.1" 200 132 "https://app.project-bubblegum.shop/" "Mozilla/5.0 (Macintosh; Intel Mac OS X 10_15_7) AppleWebKit/537.36 (KHTML, like Gecko) Chrome/145.0.0.0 Safari/537.36" 0.183620
[2m2026-03-02T08:58:28.575715Z[0m [32m INFO[0m [2mactix_web::middleware::logger[0m[2m:[0m 172.31.15.48 "GET /api/market-data/price/XAUUSD HTTP/1.1" 200 138 "https://app.project-bubblegum.shop/" "Mozilla/5.0 (Macintosh; Intel Mac OS X 10_15_7) AppleWebKit/537.36 (KHTML, like Gecko) Chrome/145.0.0.0 Safari/537.36" 0.128715
[2m2026-03-02T08:58:28.593917Z[0m [32m INFO[0m [2mactix_web::middleware::logger[0m[2m:[0m 172.31.15.48 "GET /api/trading/positions HTTP/1.1" 200 653 "https://app.project-bubblegum.shop/" "Mozilla/5.0 (Macintosh; Intel Mac OS X 10_15_7) AppleWebKit/537.36 (KHTML, like Gecko) Chrome/145.0.0.0 Safari/537.36" 0.127933
[2m2026-03-02T08:58:28.738144Z[0m [32m INFO[0m [2mactix_web::middleware::logger[0m[2m:[0m 172.31.15.48 "GET /api/market-data/price/NAS100USD HTTP/1.1" 200 132 "https://app.project-bubblegum.shop/" "Mozilla/5.0 (Macintosh; Intel Mac OS X 10_15_7) AppleWebKit/537.36 (KHTML, like Gecko) Chrome/145.0.0.0 Safari/537.36" 0.132619
[2m2026-03-02T08:58:28.747257Z[0m [32m INFO[0m [2mactix_web::middleware::logger[0m[2m:[0m 172.31.15.48 "GET /api/trading/trades/open HTTP/1.1" 200 1885 "https://app.project-bubblegum.shop/" "Mozilla/5.0 (Macintosh; Intel Mac OS X 10_15_7) AppleWebKit/537.36 (KHTML, like Gecko) Chrome/145.0.0.0 Safari/537.36" 0.122504
[2m2026-03-02T08:58:28.892716Z[0m [32m INFO[0m [2mactix_web::middleware::logger[0m[2m:[0m 172.31.15.48 "GET /api/market-data/price/USDJPY HTTP/1.1" 200 132 "https://app.project-bubblegum.shop/" "Mozilla/5.0 (Macintosh; Intel Mac OS X 10_15_7) AppleWebKit/537.36 (KHTML, like Gecko) Chrome/145.0.0.0 Safari/537.36" 0.125628
[2m2026-03-02T08:58:29.051337Z[0m [32m INFO[0m [2mactix_web::middleware::logger[0m[2m:[0m 172.31.15.48 "GET /api/market-data/price/EURUSD HTTP/1.1" 200 133 "https://app.project-bubblegum.shop/" "Mozilla/5.0 (Macintosh; Intel Mac OS X 10_15_7) AppleWebKit/537.36 (KHTML, like Gecko) Chrome/145.0.0.0 Safari/537.36" 0.125663
[2m2026-03-02T08:58:29.206843Z[0m [32m INFO[0m [2mactix_web::middleware::logger[0m[2m:[0m 172.31.15.48 "GET /api/market-data/price/BTCUSD HTTP/1.1" 200 115 "https://app.project-bubblegum.shop/" "Mozilla/5.0 (Macintosh; Intel Mac OS X 10_15_7) AppleWebKit/537.36 (KHTML, like Gecko) Chrome/145.0.0.0 Safari/537.36" 0.121887
[2m2026-03-02T08:58:29.382733Z[0m [32m INFO[0m [2mactix_web::middleware::logger[0m[2m:[0m 172.31.15.48 "GET /api/market-data/price/GBPUSD HTTP/1.1" 200 133 "https://app.project-bubblegum.shop/" "Mozilla/5.0 (Macintosh; Intel Mac OS X 10_15_7) AppleWebKit/537.36 (KHTML, like Gecko) Chrome/145.0.0.0 Safari/537.36" 0.137351
[2m2026-03-02T08:58:29.531376Z[0m [32m INFO[0m [2mactix_web::middleware::logger[0m[2m:[0m 172.31.15.48 "GET /api/market-data/price/NATGASUSD HTTP/1.1" 200 129 "https://app.project-bubblegum.shop/" "Mozilla/5.0 (Macintosh; Intel Mac OS X 10_15_7) AppleWebKit/537.36 (KHTML, like Gecko) Chrome/145.0.0.0 Safari/537.36" 0.121476
[2m2026-03-02T08:58:29.692283Z[0m [32m INFO[0m [2mactix_web::middleware::logger[0m[2m:[0m 172.31.15.48 "GET /api/market-data/price/WTICOUSD HTTP/1.1" 200 128 "https://app.project-bubblegum.shop/" "Mozilla/5.0 (Macintosh; Intel Mac OS X 10_15_7) AppleWebKit/537.36 (KHTML, like Gecko) Chrome/145.0.0.0 Safari/537.36" 0.126674
[2m2026-03-02T08:58:29.876101Z[0m [32m INFO[0m [2mactix_web::middleware::logger[0m[2m:[0m 172.31.15.48 "GET /api/risk/status HTTP/1.1" 200 741 "https://app.project-bubblegum.shop/" "Mozilla/5.0 (Macintosh; Intel Mac OS X 10_15_7) AppleWebKit/537.36 (KHTML, like Gecko) Chrome/145.0.0.0 Safari/537.36" 0.000069
[2m2026-03-02T08:58:29.887570Z[0m [32m INFO[0m [2maureum_backend::macro_sentiment::polymarket[0m[2m:[0m Fetching fresh Polymarket markets (limit=500)
[2m2026-03-02T08:58:29.921510Z[0m [32m INFO[0m [2maureum_backend::macro_sentiment::polymarket[0m[2m:[0m Fetched 500 total markets from Polymarket
[2m2026-03-02T08:58:29.925095Z[0m [32m INFO[0m [2mactix_web::middleware::logger[0m[2m:[0m 172.31.15.48 "GET /api/bots HTTP/1.1" 200 27387 "https://app.project-bubblegum.shop/" "Mozilla/5.0 (Macintosh; Intel Mac OS X 10_15_7) AppleWebKit/537.36 (KHTML, like Gecko) Chrome/145.0.0.0 Safari/537.36" 0.049746
[2m2026-03-02T08:58:30.108376Z[0m [32m INFO[0m [2mactix_web::middleware::logger[0m[2m:[0m 172.31.15.48 "GET /api/market-data/price/XAUUSD HTTP/1.1" 200 129 "https://app.project-bubblegum.shop/" "Mozilla/5.0 (Macintosh; Intel Mac OS X 10_15_7) AppleWebKit/537.36 (KHTML, like Gecko) Chrome/145.0.0.0 Safari/537.36" 0.143275
[2m2026-03-02T08:58:30.194982Z[0m [33m WARN[0m [2maureum_backend::risk::correlation[0m[2m:[0m Strategy correlation detected: 24105ded-681c-43af-ba3c-e3ad7ed7e09c <-> 24bc2dde-c63e-4f70-8082-e3006bf983cb = 0.738
[2m2026-03-02T08:58:30.196793Z[0m [33m WARN[0m [2maureum_backend::bot::runner[0m[2m:[0m Strategy 24105ded-681c-43af-ba3c-e3ad7ed7e09c blocked due to correlation
[2m2026-03-02T08:58:32.762626Z[0m [32m INFO[0m [2mactix_web::middleware::logger[0m[2m:[0m 172.31.15.48 "GET /api/bots/44e89400-ca87-41d0-86fe-5efc94cd5fe1/cooldown HTTP/1.1" 200 118 "https://app.project-bubblegum.shop/" "Mozilla/5.0 (Macintosh; Intel Mac OS X 10_15_7) AppleWebKit/537.36 (KHTML, like Gecko) Chrome/145.0.0.0 Safari/537.36" 0.002430
[2m2026-03-02T08:58:32.763175Z[0m [32m INFO[0m [2mactix_web::middleware::logger[0m[2m:[0m 172.31.15.48 "GET /api/bots/687222ae-58d5-42a1-bc99-18359a2bcba9/cooldown HTTP/1.1" 200 87 "https://app.project-bubblegum.shop/" "Mozilla/5.0 (Macintosh; Intel Mac OS X 10_15_7) AppleWebKit/537.36 (KHTML, like Gecko) Chrome/145.0.0.0 Safari/537.36" 0.002672
[2m2026-03-02T08:58:32.763536Z[0m [32m INFO[0m [2mactix_web::middleware::logger[0m[2m:[0m 172.31.15.48 "GET /api/bots/28834cfb-c37a-4005-905c-1f92de8063c4/cooldown HTTP/1.1" 200 87 "https://app.project-bubblegum.shop/" "Mozilla/5.0 (Macintosh; Intel Mac OS X 10_15_7) AppleWebKit/537.36 (KHTML, like Gecko) Chrome/145.0.0.0 Safari/537.36" 0.003335
[2m2026-03-02T08:58:32.763552Z[0m [32m INFO[0m [2mactix_web::middleware::logger[0m[2m:[0m 172.31.15.48 "GET /api/bots/62ff0517-1103-4b7d-bca7-74f1d371fa77/cooldown HTTP/1.1" 200 87 "https://app.project-bubblegum.shop/" "Mozilla/5.0 (Macintosh; Intel Mac OS X 10_15_7) AppleWebKit/537.36 (KHTML, like Gecko) Chrome/145.0.0.0 Safari/537.36" 0.003194
[2m2026-03-02T08:58:32.763568Z[0m [32m INFO[0m [2mactix_web::middleware::logger[0m[2m:[0m 172.31.15.48 "GET /api/bots/0eafdac4-3954-4879-8886-32f031ca18bd/cooldown HTTP/1.1" 200 117 "https://app.project-bubblegum.shop/" "Mozilla/5.0 (Macintosh; Intel Mac OS X 10_15_7) AppleWebKit/537.36 (KHTML, like Gecko) Chrome/145.0.0.0 Safari/537.36" 0.003182
[2m2026-03-02T08:58:32.768824Z[0m [32m INFO[0m [2mactix_web::middleware::logger[0m[2m:[0m 172.31.15.48 "GET /api/bots/dfd8878e-89d7-408b-b569-ea8e54fa7c57/cooldown HTTP/1.1" 200 87 "https://app.project-bubblegum.shop/" "Mozilla/5.0 (Macintosh; Intel Mac OS X 10_15_7) AppleWebKit/537.36 (KHTML, like Gecko) Chrome/145.0.0.0 Safari/537.36" 0.003144
[2m2026-03-02T08:58:32.769213Z[0m [32m INFO[0m [2mactix_web::middleware::logger[0m[2m:[0m 172.31.15.48 "GET /api/bots/cb083586-43ba-423b-861b-f60220821800/cooldown HTTP/1.1" 200 87 "https://app.project-bubblegum.shop/" "Mozilla/5.0 (Macintosh; Intel Mac OS X 10_15_7) AppleWebKit/537.36 (KHTML, like Gecko) Chrome/145.0.0.0 Safari/537.36" 0.003504
[2m2026-03-02T08:58:32.769406Z[0m [32m INFO[0m [2mactix_web::middleware::logger[0m[2m:[0m 172.31.15.48 "GET /api/bots/3dd110ff-2090-4eec-ac95-bb560e3c16a9/cooldown HTTP/1.1" 200 87 "https://app.project-bubblegum.shop/" "Mozilla/5.0 (Macintosh; Intel Mac OS X 10_15_7) AppleWebKit/537.36 (KHTML, like Gecko) Chrome/145.0.0.0 Safari/537.36" 0.003510
[2m2026-03-02T08:58:32.770813Z[0m [32m INFO[0m [2mactix_web::middleware::logger[0m[2m:[0m 172.31.15.48 "GET /api/bots/b43bd638-2279-4cc3-bafd-0a33b57e0b1d/cooldown HTTP/1.1" 200 87 "https://app.project-bubblegum.shop/" "Mozilla/5.0 (Macintosh; Intel Mac OS X 10_15_7) AppleWebKit/537.36 (KHTML, like Gecko) Chrome/145.0.0.0 Safari/537.36" 0.004850
[2m2026-03-02T08:58:32.770867Z[0m [32m INFO[0m [2mactix_web::middleware::logger[0m[2m:[0m 172.31.15.48 "GET /api/bots/2c3b0cbb-597e-48d9-b099-c614182d6860/cooldown HTTP/1.1" 200 87 "https://app.project-bubblegum.shop/" "Mozilla/5.0 (Macintosh; Intel Mac OS X 10_15_7) AppleWebKit/537.36 (KHTML, like Gecko) Chrome/145.0.0.0 Safari/537.36" 0.004879
[2m2026-03-02T08:58:32.770906Z[0m [32m INFO[0m [2mactix_web::middleware::logger[0m[2m:[0m 172.31.15.48 "GET /api/bots/d25c78da-dd75-4c6d-bfde-781a7ef00932/cooldown HTTP/1.1" 200 117 "https://app.project-bubblegum.shop/" "Mozilla/5.0 (Macintosh; Intel Mac OS X 10_15_7) AppleWebKit/537.36 (KHTML, like Gecko) Chrome/145.0.0.0 Safari/537.36" 0.005298
[2m2026-03-02T08:58:32.776767Z[0m [32m INFO[0m [2mactix_web::middleware::logger[0m[2m:[0m 172.31.15.48 "GET /api/bots/94e5d0fb-86c5-47ad-a820-cb8b5d49795b/cooldown HTTP/1.1" 200 118 "https://app.project-bubblegum.shop/" "Mozilla/5.0 (Macintosh; Intel Mac OS X 10_15_7) AppleWebKit/537.36 (KHTML, like Gecko) Chrome/145.0.0.0 Safari/537.36" 0.001808
[2m2026-03-02T08:58:32.777483Z[0m [32m INFO[0m [2mactix_web::middleware::logger[0m[2m:[0m 172.31.15.48 "GET /api/bots/67d7cd32-dee6-487d-bf46-ef5861e5bf47/cooldown HTTP/1.1" 200 87 "https://app.project-bubblegum.shop/" "Mozilla/5.0 (Macintosh; Intel Mac OS X 10_15_7) AppleWebKit/537.36 (KHTML, like Gecko) Chrome/145.0.0.0 Safari/537.36" 0.002676
[2m2026-03-02T08:58:32.777625Z[0m [32m INFO[0m [2mactix_web::middleware::logger[0m[2m:[0m 172.31.15.48 "GET /api/bots/cd206081-e2bc-4dc3-abec-a5869634d79d/cooldown HTTP/1.1" 200 87 "https://app.project-bubblegum.shop/" "Mozilla/5.0 (Macintosh; Intel Mac OS X 10_15_7) AppleWebKit/537.36 (KHTML, like Gecko) Chrome/145.0.0.0 Safari/537.36" 0.002615
[2m2026-03-02T08:58:32.777801Z[0m [32m INFO[0m [2mactix_web::middleware::logger[0m[2m:[0m 172.31.15.48 "GET /api/bots/3015c5e0-b957-4cc9-be9b-01d93d94a6c2/cooldown HTTP/1.1" 200 87 "https://app.project-bubblegum.shop/" "Mozilla/5.0 (Macintosh; Intel Mac OS X 10_15_7) AppleWebKit/537.36 (KHTML, like Gecko) Chrome/145.0.0.0 Safari/537.36" 0.002946
[2m2026-03-02T08:58:32.778082Z[0m [32m INFO[0m [2mactix_web::middleware::logger[0m[2m:[0m 172.31.15.48 "GET /api/bots/6d107fa4-024a-4619-a89d-ae9c99aa605e/cooldown HTTP/1.1" 200 87 "https://app.project-bubblegum.shop/" "Mozilla/5.0 (Macintosh; Intel Mac OS X 10_15_7) AppleWebKit/537.36 (KHTML, like Gecko) Chrome/145.0.0.0 Safari/537.36" 0.002735
[2m2026-03-02T08:58:32.778348Z[0m [32m INFO[0m [2mactix_web::middleware::logger[0m[2m:[0m 172.31.15.48 "GET /api/bots/ce318bfe-b724-494e-a8c0-aae71855b932/cooldown HTTP/1.1" 200 118 "https://app.project-bubblegum.shop/" "Mozilla/5.0 (Macintosh; Intel Mac OS X 10_15_7) AppleWebKit/537.36 (KHTML, like Gecko) Chrome/145.0.0.0 Safari/537.36" 0.002338
[2m2026-03-02T08:58:32.779259Z[0m [32m INFO[0m [2mactix_web::middleware::logger[0m[2m:[0m 172.31.15.48 "GET /api/bots/24057119-452f-42ff-8820-a47746af3fa4/cooldown HTTP/1.1" 200 117 "https://app.project-bubblegum.shop/" "Mozilla/5.0 (Macintosh; Intel Mac OS X 10_15_7) AppleWebKit/537.36 (KHTML, like Gecko) Chrome/145.0.0.0 Safari/537.36" 0.001973
[2m2026-03-02T08:58:32.779351Z[0m [32m INFO[0m [2mactix_web::middleware::logger[0m[2m:[0m 172.31.15.48 "GET /api/bots/34a21f35-01f0-4913-9980-b3ed9eba1a68/cooldown HTTP/1.1" 200 117 "https://app.project-bubblegum.shop/" "Mozilla/5.0 (Macintosh; Intel Mac OS X 10_15_7) AppleWebKit/537.36 (KHTML, like Gecko) Chrome/145.0.0.0 Safari/537.36" 0.003263
[2m2026-03-02T08:58:32.779375Z[0m [32m INFO[0m [2mactix_web::middleware::logger[0m[2m:[0m 172.31.15.48 "GET /api/bots/15d242e4-26c2-4caf-bc8b-2ee42ee108e4/cooldown HTTP/1.1" 200 87 "https://app.project-bubblegum.shop/" "Mozilla/5.0 (Macintosh; Intel Mac OS X 10_15_7) AppleWebKit/537.36 (KHTML, like Gecko) Chrome/145.0.0.0 Safari/537.36" 0.003206
[2m2026-03-02T08:58:32.779833Z[0m [32m INFO[0m [2mactix_web::middleware::logger[0m[2m:[0m 172.31.15.48 "GET /api/bots/ffa8941c-4135-4ade-91b3-ea8461de8469/cooldown HTTP/1.1" 200 87 "https://app.project-bubblegum.shop/" "Mozilla/5.0 (Macintosh; Intel Mac OS X 10_15_7) AppleWebKit/537.36 (KHTML, like Gecko) Chrome/145.0.0.0 Safari/537.36" 0.002610
[2m2026-03-02T08:58:32.780280Z[0m [32m INFO[0m [2mactix_web::middleware::logger[0m[2m:[0m 172.31.15.48 "GET /api/bots/ba5ffe96-f26b-494f-9136-5e14cbe59286/cooldown HTTP/1.1" 200 87 "https://app.project-bubblegum.shop/" "Mozilla/5.0 (Macintosh; Intel Mac OS X 10_15_7) AppleWebKit/537.36 (KHTML, like Gecko) Chrome/145.0.0.0 Safari/537.36" 0.003032
[2m2026-03-02T08:58:32.783149Z[0m [32m INFO[0m [2mactix_web::middleware::logger[0m[2m:[0m 172.31.15.48 "GET /api/bots/47f85108-8400-4652-9147-6c9dd838e614/cooldown HTTP/1.1" 200 117 "https://app.project-bubblegum.shop/" "Mozilla/5.0 (Macintosh; Intel Mac OS X 10_15_7) AppleWebKit/537.36 (KHTML, like Gecko) Chrome/145.0.0.0 Safari/537.36" 0.001653
[2m2026-03-02T08:58:32.783338Z[0m [32m INFO[0m [2mactix_web::middleware::logger[0m[2m:[0m 172.31.15.48 "GET /api/bots/ed8188c9-8a30-4dbc-8727-30cca56a115c/cooldown HTTP/1.1" 200 117 "https://app.project-bubblegum.shop/" "Mozilla/5.0 (Macintosh; Intel Mac OS X 10_15_7) AppleWebKit/537.36 (KHTML, like Gecko) Chrome/145.0.0.0 Safari/537.36" 0.001567
[2m2026-03-02T08:58:32.783450Z[0m [32m INFO[0m [2mactix_web::middleware::logger[0m[2m:[0m 172.31.15.48 "GET /api/bots/561643a5-3a75-43af-9692-b9d1aa6be857/cooldown HTTP/1.1" 200 87 "https://app.project-bubblegum.shop/" "Mozilla/5.0 (Macintosh; Intel Mac OS X 10_15_7) AppleWebKit/537.36 (KHTML, like Gecko) Chrome/145.0.0.0 Safari/537.36" 0.001735
[2m2026-03-02T08:58:32.783489Z[0m [32m INFO[0m [2mactix_web::middleware::logger[0m[2m:[0m 172.31.15.48 "GET /api/bots/92f12994-d297-4999-93be-3d7194ec8960/cooldown HTTP/1.1" 200 87 "https://app.project-bubblegum.shop/" "Mozilla/5.0 (Macintosh; Intel Mac OS X 10_15_7) AppleWebKit/537.36 (KHTML, like Gecko) Chrome/145.0.0.0 Safari/537.36" 0.001866
[2m2026-03-02T08:58:32.787869Z[0m [32m INFO[0m [2mactix_web::middleware::logger[0m[2m:[0m 172.31.15.48 "GET /api/bots/6cd4127e-a716-4eff-81e6-63758a945ddc/cooldown HTTP/1.1" 200 117 "https://app.project-bubblegum.shop/" "Mozilla/5.0 (Macintosh; Intel Mac OS X 10_15_7) AppleWebKit/537.36 (KHTML, like Gecko) Chrome/145.0.0.0 Safari/537.36" 0.001677
[2m2026-03-02T08:58:32.798869Z[0m [32m INFO[0m [2mactix_web::middleware::logger[0m[2m:[0m 172.31.15.48 "GET /api/bots/812e13d1-d426-4e3a-b72f-19c0e4c3ae77/cooldown HTTP/1.1" 200 117 "https://app.project-bubblegum.shop/" "Mozilla/5.0 (Macintosh; Intel Mac OS X 10_15_7) AppleWebKit/537.36 (KHTML, like Gecko) Chrome/145.0.0.0 Safari/537.36" 0.002619
[2m2026-03-02T08:58:32.799185Z[0m [32m INFO[0m [2mactix_web::middleware::logger[0m[2m:[0m 172.31.15.48 "GET /api/bots/398e0499-ae16-42b8-8dac-08a9c49c46c8/cooldown HTTP/1.1" 200 117 "https://app.project-bubblegum.shop/" "Mozilla/5.0 (Macintosh; Intel Mac OS X 10_15_7) AppleWebKit/537.36 (KHTML, like Gecko) Chrome/145.0.0.0 Safari/537.36" 0.003079
[2m2026-03-02T08:58:32.799788Z[0m [32m INFO[0m [2mactix_web::middleware::logger[0m[2m:[0m 172.31.15.48 "GET /api/bots/b212be3a-375e-4666-be7c-a37ad828ce04/cooldown HTTP/1.1" 200 87 "https://app.project-bubblegum.shop/" "Mozilla/5.0 (Macintosh; Intel Mac OS X 10_15_7) AppleWebKit/537.36 (KHTML, like Gecko) Chrome/145.0.0.0 Safari/537.36" 0.003410
[2m2026-03-02T08:58:32.799968Z[0m [32m INFO[0m [2mactix_web::middleware::logger[0m[2m:[0m 172.31.15.48 "GET /api/bots/bdbdf0e3-cb06-4b04-958e-169cf2b4da17/cooldown HTTP/1.1" 200 117 "https://app.project-bubblegum.shop/" "Mozilla/5.0 (Macintosh; Intel Mac OS X 10_15_7) AppleWebKit/537.36 (KHTML, like Gecko) Chrome/145.0.0.0 Safari/537.36" 0.003641
[2m2026-03-02T08:58:32.800073Z[0m [32m INFO[0m [2mactix_web::middleware::logger[0m[2m:[0m 172.31.15.48 "GET /api/bots/cfe25049-8c86-4e99-bbaa-2db262da7d2b/cooldown HTTP/1.1" 200 117 "https://app.project-bubblegum.shop/" "Mozilla/5.0 (Macintosh; Intel Mac OS X 10_15_7) AppleWebKit/537.36 (KHTML, like Gecko) Chrome/145.0.0.0 Safari/537.36" 0.003672
[2m2026-03-02T08:58:32.800431Z[0m [32m INFO[0m [2mactix_web::middleware::logger[0m[2m:[0m 172.31.15.48 "GET /api/bots/901c7820-0947-4bb1-944b-ceb344895608/cooldown HTTP/1.1" 200 87 "https://app.project-bubblegum.shop/" "Mozilla/5.0 (Macintosh; Intel Mac OS X 10_15_7) AppleWebKit/537.36 (KHTML, like Gecko) Chrome/145.0.0.0 Safari/537.36" 0.003999
[2m2026-03-02T08:58:32.800585Z[0m [32m INFO[0m [2mactix_web::middleware::logger[0m[2m:[0m 172.31.15.48 "GET /api/bots/ea3f37d8-752f-4866-b8e4-2752dda2aae5/cooldown HTTP/1.1" 200 87 "https://app.project-bubblegum.shop/" "Mozilla/5.0 (Macintosh; Intel Mac OS X 10_15_7) AppleWebKit/537.36 (KHTML, like Gecko) Chrome/145.0.0.0 Safari/537.36" 0.003981
[2m2026-03-02T08:58:32.800974Z[0m [32m INFO[0m [2mactix_web::middleware::logger[0m[2m:[0m 172.31.15.48 "GET /api/bots/7cd69aad-25ee-4f14-a127-f3e44540cd64/cooldown HTTP/1.1" 200 87 "https://app.project-bubblegum.shop/" "Mozilla/5.0 (Macintosh; Intel Mac OS X 10_15_7) AppleWebKit/537.36 (KHTML, like Gecko) Chrome/145.0.0.0 Safari/537.36" 0.004256
[2m2026-03-02T08:58:32.801781Z[0m [32m INFO[0m [2mactix_web::middleware::logger[0m[2m:[0m 172.31.15.48 "GET /api/bots/66cebb81-86f1-4322-8e14-6cf45c8edb92/cooldown HTTP/1.1" 200 117 "https://app.project-bubblegum.shop/" "Mozilla/5.0 (Macintosh; Intel Mac OS X 10_15_7) AppleWebKit/537.36 (KHTML, like Gecko) Chrome/145.0.0.0 Safari/537.36" 0.004880
[2m2026-03-02T08:58:32.801794Z[0m [32m INFO[0m [2mactix_web::middleware::logger[0m[2m:[0m 172.31.15.48 "GET /api/bots/8c1cb90a-e1f8-4067-9de8-6ffa8c8383b6/cooldown HTTP/1.1" 200 87 "https://app.project-bubblegum.shop/" "Mozilla/5.0 (Macintosh; Intel Mac OS X 10_15_7) AppleWebKit/537.36 (KHTML, like Gecko) Chrome/145.0.0.0 Safari/537.36" 0.004955
[2m2026-03-02T08:58:32.801914Z[0m [32m INFO[0m [2mactix_web::middleware::logger[0m[2m:[0m 172.31.15.48 "GET /api/bots/026e87be-dedc-430c-8422-857094954d78/cooldown HTTP/1.1" 200 117 "https://app.project-bubblegum.shop/" "Mozilla/5.0 (Macintosh; Intel Mac OS X 10_15_7) AppleWebKit/537.36 (KHTML, like Gecko) Chrome/145.0.0.0 Safari/537.36" 0.005144
[2m2026-03-02T08:58:32.801982Z[0m [32m INFO[0m [2mactix_web::middleware::logger[0m[2m:[0m 172.31.15.48 "GET /api/bots/565efa73-a739-4f9c-818c-a4c822fbc77c/cooldown HTTP/1.1" 200 87 "https://app.project-bubblegum.shop/" "Mozilla/5.0 (Macintosh; Intel Mac OS X 10_15_7) AppleWebKit/537.36 (KHTML, like Gecko) Chrome/145.0.0.0 Safari/537.36" 0.004196
[2m2026-03-02T08:58:32.802191Z[0m [32m INFO[0m [2mactix_web::middleware::logger[0m[2m:[0m 172.31.15.48 "GET /api/bots/615dd3e1-fc49-49c4-b2d8-26376cbb544e/cooldown HTTP/1.1" 200 87 "https://app.project-bubblegum.shop/" "Mozilla/5.0 (Macintosh; Intel Mac OS X 10_15_7) AppleWebKit/537.36 (KHTML, like Gecko) Chrome/145.0.0.0 Safari/537.36" 0.004410
[2m2026-03-02T08:58:32.840411Z[0m [32m INFO[0m [2mactix_web::middleware::logger[0m[2m:[0m 172.31.15.48 "OPTIONS /api/trading/trades/closed?count=100 HTTP/1.1" 200 0 "https://app.project-bubblegum.shop/" "Mozilla/5.0 (Macintosh; Intel Mac OS X 10_15_7) AppleWebKit/537.36 (KHTML, like Gecko) Chrome/145.0.0.0 Safari/537.36" 0.000059
[2m2026-03-02T08:58:33.082665Z[0m [32m INFO[0m [2mactix_web::middleware::logger[0m[2m:[0m 172.31.15.48 "GET /api/trading/trades/closed?count=100 HTTP/1.1" 200 24448 "https://app.project-bubblegum.shop/" "Mozilla/5.0 (Macintosh; Intel Mac OS X 10_15_7) AppleWebKit/537.36 (KHTML, like Gecko) Chrome/145.0.0.0 Safari/537.36" 0.217383
[2m2026-03-02T08:58:33.354055Z[0m [32m INFO[0m [2mactix_web::middleware::logger[0m[2m:[0m 172.31.15.48 "GET /api/bots/activity/all?limit=100 HTTP/1.1" 200 54085 "https://app.project-bubblegum.shop/" "Mozilla/5.0 (Macintosh; Intel Mac OS X 10_15_7) AppleWebKit/537.36 (KHTML, like Gecko) Chrome/145.0.0.0 Safari/537.36" 0.002627
[2m2026-03-02T08:58:33.373189Z[0m [32m INFO[0m [2mactix_web::middleware::logger[0m[2m:[0m 172.31.15.48 "GET /api/bots HTTP/1.1" 200 27387 "https://app.project-bubblegum.shop/" "Mozilla/5.0 (Macintosh; Intel Mac OS X 10_15_7) AppleWebKit/537.36 (KHTML, like Gecko) Chrome/145.0.0.0 Safari/537.36" 0.021903
[2m2026-03-02T08:58:33.406236Z[0m [32m INFO[0m [2mactix_web::middleware::logger[0m[2m:[0m 172.31.15.48 "GET /api/strategies HTTP/1.1" 200 20866 "https://app.project-bubblegum.shop/" "Mozilla/5.0 (Macintosh; Intel Mac OS X 10_15_7) AppleWebKit/537.36 (KHTML, like Gecko) Chrome/145.0.0.0 Safari/537.36" 0.001285
[2m2026-03-02T08:58:33.478563Z[0m [32m INFO[0m [2mactix_web::middleware::logger[0m[2m:[0m 172.31.15.48 "GET /api/bots/44e89400-ca87-41d0-86fe-5efc94cd5fe1/activity?limit=50 HTTP/1.1" 200 20105 "https://app.project-bubblegum.shop/" "Mozilla/5.0 (Macintosh; Intel Mac OS X 10_15_7) AppleWebKit/537.36 (KHTML, like Gecko) Chrome/145.0.0.0 Safari/537.36" 0.003491
[2m2026-03-02T08:58:33.575991Z[0m [32m INFO[0m [2mactix_web::middleware::logger[0m[2m:[0m 172.31.15.48 "GET /api/market-data/price/XAUUSD HTTP/1.1" 200 129 "https://app.project-bubblegum.shop/" "Mozilla/5.0 (Macintosh; Intel Mac OS X 10_15_7) AppleWebKit/537.36 (KHTML, like Gecko) Chrome/145.0.0.0 Safari/537.36" 0.126293
[2m2026-03-02T08:58:33.585772Z[0m [32m INFO[0m [2mactix_web::middleware::logger[0m[2m:[0m 172.31.15.48 "GET /api/trading/positions HTTP/1.1" 200 652 "https://app.project-bubblegum.shop/" "Mozilla/5.0 (Macintosh; Intel Mac OS X 10_15_7) AppleWebKit/537.36 (KHTML, like Gecko) Chrome/145.0.0.0 Safari/537.36" 0.124789
[2m2026-03-02T08:58:33.717641Z[0m [32m INFO[0m [2mactix_web::middleware::logger[0m[2m:[0m 172.31.15.48 "GET /api/market-data/price/NAS100USD HTTP/1.1" 200 117 "https://app.project-bubblegum.shop/" "Mozilla/5.0 (Macintosh; Intel Mac OS X 10_15_7) AppleWebKit/537.36 (KHTML, like Gecko) Chrome/145.0.0.0 Safari/537.36" 0.115501
[2m2026-03-02T08:58:33.743701Z[0m [32m INFO[0m [2mactix_web::middleware::logger[0m[2m:[0m 172.31.15.48 "GET /api/trading/trades/open HTTP/1.1" 200 1886 "https://app.project-bubblegum.shop/" "Mozilla/5.0 (Macintosh; Intel Mac OS X 10_15_7) AppleWebKit/537.36 (KHTML, like Gecko) Chrome/145.0.0.0 Safari/537.36" 0.127298
[2m2026-03-02T08:58:33.877755Z[0m [32m INFO[0m [2mactix_web::middleware::logger[0m[2m:[0m 172.31.15.48 "GET /api/market-data/price/USDJPY HTTP/1.1" 200 140 "https://app.project-bubblegum.shop/" "Mozilla/5.0 (Macintosh; Intel Mac OS X 10_15_7) AppleWebKit/537.36 (KHTML, like Gecko) Chrome/145.0.0.0 Safari/537.36" 0.132225
[2m2026-03-02T08:58:34.042542Z[0m [32m INFO[0m [2mactix_web::middleware::logger[0m[2m:[0m 172.31.15.48 "GET /api/market-data/price/EURUSD HTTP/1.1" 200 133 "https://app.project-bubblegum.shop/" "Mozilla/5.0 (Macintosh; Intel Mac OS X 10_15_7) AppleWebKit/537.36 (KHTML, like Gecko) Chrome/145.0.0.0 Safari/537.36" 0.126989
[2m2026-03-02T08:58:34.220283Z[0m [32m INFO[0m [2mactix_web::middleware::logger[0m[2m:[0m 172.31.15.48 "GET /api/market-data/price/BTCUSD HTTP/1.1" 200 115 "https://app.project-bubblegum.shop/" "Mozilla/5.0 (Macintosh; Intel Mac OS X 10_15_7) AppleWebKit/537.36 (KHTML, like Gecko) Chrome/145.0.0.0 Safari/537.36" 0.134754
[2m2026-03-02T08:58:34.371228Z[0m [32m INFO[0m [2mactix_web::middleware::logger[0m[2m:[0m 172.31.15.48 "GET /api/market-data/price/GBPUSD HTTP/1.1" 200 133 "https://app.project-bubblegum.shop/" "Mozilla/5.0 (Macintosh; Intel Mac OS X 10_15_7) AppleWebKit/537.36 (KHTML, like Gecko) Chrome/145.0.0.0 Safari/537.36" 0.121177
[2m2026-03-02T08:58:34.586603Z[0m [32m INFO[0m [2mactix_web::middleware::logger[0m[2m:[0m 172.31.15.48 "GET /api/market-data/price/NATGASUSD HTTP/1.1" 200 129 "https://app.project-bubblegum.shop/" "Mozilla/5.0 (Macintosh; Intel Mac OS X 10_15_7) AppleWebKit/537.36 (KHTML, like Gecko) Chrome/145.0.0.0 Safari/537.36" 0.121471
[2m2026-03-02T08:58:34.754740Z[0m [32m INFO[0m [2mactix_web::middleware::logger[0m[2m:[0m 172.31.15.48 "GET /api/market-data/price/WTICOUSD HTTP/1.1" 200 129 "https://app.project-bubblegum.shop/" "Mozilla/5.0 (Macintosh; Intel Mac OS X 10_15_7) AppleWebKit/537.36 (KHTML, like Gecko) Chrome/145.0.0.0 Safari/537.36" 0.133759
[2m2026-03-02T08:58:38.319983Z[0m [32m INFO[0m [2mactix_web::middleware::logger[0m[2m:[0m 172.31.15.48 "GET /api/market-data/price/NATGAS_USD HTTP/1.1" 200 128 "https://app.project-bubblegum.shop/" "Mozilla/5.0 (Macintosh; Intel Mac OS X 10_15_7) AppleWebKit/537.36 (KHTML, like Gecko) Chrome/145.0.0.0 Safari/537.36" 0.125690
[2m2026-03-02T08:58:38.327983Z[0m [32m INFO[0m [2mactix_web::middleware::logger[0m[2m:[0m 172.31.15.48 "GET /api/market-data/price/WTICO_USD HTTP/1.1" 200 130 "https://app.project-bubblegum.shop/" "Mozilla/5.0 (Macintosh; Intel Mac OS X 10_15_7) AppleWebKit/537.36 (KHTML, like Gecko) Chrome/145.0.0.0 Safari/537.36" 0.152790
[2m2026-03-02T08:58:38.333334Z[0m [32m INFO[0m [2mactix_web::middleware::logger[0m[2m:[0m 172.31.15.48 "GET /api/market-data/price/USDJPY HTTP/1.1" 200 131 "https://app.project-bubblegum.shop/" "Mozilla/5.0 (Macintosh; Intel Mac OS X 10_15_7) AppleWebKit/537.36 (KHTML, like Gecko) Chrome/145.0.0.0 Safari/537.36" 0.123599
[2m2026-03-02T08:58:38.335562Z[0m [32m INFO[0m [2mactix_web::middleware::logger[0m[2m:[0m 172.31.15.48 "GET /api/market-data/price/BTCUSD HTTP/1.1" 200 115 "https://app.project-bubblegum.shop/" "Mozilla/5.0 (Macintosh; Intel Mac OS X 10_15_7) AppleWebKit/537.36 (KHTML, like Gecko) Chrome/145.0.0.0 Safari/537.36" 0.165362
[2m2026-03-02T08:58:38.351854Z[0m [32m INFO[0m [2mactix_web::middleware::logger[0m[2m:[0m 172.31.15.48 "GET /api/market-data/price/EURUSD HTTP/1.1" 200 133 "https://app.project-bubblegum.shop/" "Mozilla/5.0 (Macintosh; Intel Mac OS X 10_15_7) AppleWebKit/537.36 (KHTML, like Gecko) Chrome/145.0.0.0 Safari/537.36" 0.161528
[2m2026-03-02T08:58:38.364157Z[0m [32m INFO[0m [2mactix_web::middleware::logger[0m[2m:[0m 172.31.15.48 "GET /api/market-data/price/XAUUSD HTTP/1.1" 200 138 "https://app.project-bubblegum.shop/" "Mozilla/5.0 (Macintosh; Intel Mac OS X 10_15_7) AppleWebKit/537.36 (KHTML, like Gecko) Chrome/145.0.0.0 Safari/537.36" 0.202657
[2m2026-03-02T08:58:38.572529Z[0m [32m INFO[0m [2mactix_web::middleware::logger[0m[2m:[0m 172.31.15.48 "GET /api/market-data/price/XAUUSD HTTP/1.1" 200 129 "https://app.project-bubblegum.shop/" "Mozilla/5.0 (Macintosh; Intel Mac OS X 10_15_7) AppleWebKit/537.36 (KHTML, like Gecko) Chrome/145.0.0.0 Safari/537.36" 0.121488
[2m2026-03-02T08:58:38.594507Z[0m [32m INFO[0m [2mactix_web::middleware::logger[0m[2m:[0m 172.31.15.48 "GET /api/trading/positions HTTP/1.1" 200 653 "https://app.project-bubblegum.shop/" "Mozilla/5.0 (Macintosh; Intel Mac OS X 10_15_7) AppleWebKit/537.36 (KHTML, like Gecko) Chrome/145.0.0.0 Safari/537.36" 0.127467
[2m2026-03-02T08:58:38.721096Z[0m [32m INFO[0m [2mactix_web::middleware::logger[0m[2m:[0m 172.31.15.48 "GET /api/market-data/price/NAS100USD HTTP/1.1" 200 132 "https://app.project-bubblegum.shop/" "Mozilla/5.0 (Macintosh; Intel Mac OS X 10_15_7) AppleWebKit/537.36 (KHTML, like Gecko) Chrome/145.0.0.0 Safari/537.36" 0.118970
[2m2026-03-02T08:58:38.751808Z[0m [32m INFO[0m [2mactix_web::middleware::logger[0m[2m:[0m 172.31.15.48 "GET /api/trading/trades/open HTTP/1.1" 200 1886 "https://app.project-bubblegum.shop/" "Mozilla/5.0 (Macintosh; Intel Mac OS X 10_15_7) AppleWebKit/537.36 (KHTML, like Gecko) Chrome/145.0.0.0 Safari/537.36" 0.125773
[2m2026-03-02T08:58:38.878863Z[0m [32m INFO[0m [2mactix_web::middleware::logger[0m[2m:[0m 172.31.15.48 "GET /api/market-data/price/USDJPY HTTP/1.1" 200 131 "https://app.project-bubblegum.shop/" "Mozilla/5.0 (Macintosh; Intel Mac OS X 10_15_7) AppleWebKit/537.36 (KHTML, like Gecko) Chrome/145.0.0.0 Safari/537.36" 0.118312
[2m2026-03-02T08:58:39.036126Z[0m [32m INFO[0m [2mactix_web::middleware::logger[0m[2m:[0m 172.31.15.48 "GET /api/market-data/price/EURUSD HTTP/1.1" 200 132 "https://app.project-bubblegum.shop/" "Mozilla/5.0 (Macintosh; Intel Mac OS X 10_15_7) AppleWebKit/537.36 (KHTML, like Gecko) Chrome/145.0.0.0 Safari/537.36" 0.120542
[2m2026-03-02T08:58:39.197916Z[0m [32m INFO[0m [2mactix_web::middleware::logger[0m[2m:[0m 172.31.15.48 "GET /api/market-data/price/BTCUSD HTTP/1.1" 200 115 "https://app.project-bubblegum.shop/" "Mozilla/5.0 (Macintosh; Intel Mac OS X 10_15_7) AppleWebKit/537.36 (KHTML, like Gecko) Chrome/145.0.0.0 Safari/537.36" 0.122756
[2m2026-03-02T08:58:39.360109Z[0m [32m INFO[0m [2mactix_web::middleware::logger[0m[2m:[0m 172.31.15.48 "GET /api/market-data/price/GBPUSD HTTP/1.1" 200 133 "https://app.project-bubblegum.shop/" "Mozilla/5.0 (Macintosh; Intel Mac OS X 10_15_7) AppleWebKit/537.36 (KHTML, like Gecko) Chrome/145.0.0.0 Safari/537.36" 0.123830
[2m2026-03-02T08:58:39.516950Z[0m [32m INFO[0m [2mactix_web::middleware::logger[0m[2m:[0m 172.31.15.48 "GET /api/market-data/price/NATGASUSD HTTP/1.1" 200 127 "https://app.project-bubblegum.shop/" "Mozilla/5.0 (Macintosh; Intel Mac OS X 10_15_7) AppleWebKit/537.36 (KHTML, like Gecko) Chrome/145.0.0.0 Safari/537.36" 0.120495
[2m2026-03-02T08:58:39.701139Z[0m [32m INFO[0m [2mactix_web::middleware::logger[0m[2m:[0m 172.31.15.48 "GET /api/market-data/price/WTICOUSD HTTP/1.1" 200 129 "https://app.project-bubblegum.shop/" "Mozilla/5.0 (Macintosh; Intel Mac OS X 10_15_7) AppleWebKit/537.36 (KHTML, like Gecko) Chrome/145.0.0.0 Safari/537.36" 0.145299
[2m2026-03-02T08:58:39.881038Z[0m [32m INFO[0m [2mactix_web::middleware::logger[0m[2m:[0m 172.31.15.48 "GET /api/risk/status HTTP/1.1" 200 741 "https://app.project-bubblegum.shop/" "Mozilla/5.0 (Macintosh; Intel Mac OS X 10_15_7) AppleWebKit/537.36 (KHTML, like Gecko) Chrome/145.0.0.0 Safari/537.36" 0.000748
[2m2026-03-02T08:58:39.903851Z[0m [32m INFO[0m [2mactix_web::middleware::logger[0m[2m:[0m 172.31.15.48 "GET /api/bots HTTP/1.1" 200 27387 "https://app.project-bubblegum.shop/" "Mozilla/5.0 (Macintosh; Intel Mac OS X 10_15_7) AppleWebKit/537.36 (KHTML, like Gecko) Chrome/145.0.0.0 Safari/537.36" 0.023572
[2m2026-03-02T08:58:39.977594Z[0m [32m INFO[0m [2mactix_web::middleware::logger[0m[2m:[0m 172.31.15.48 "GET /api/bots/activity/all?limit=20 HTTP/1.1" 200 5652 "https://app.project-bubblegum.shop/" "Mozilla/5.0 (Macintosh; Intel Mac OS X 10_15_7) AppleWebKit/537.36 (KHTML, like Gecko) Chrome/145.0.0.0 Safari/537.36" 0.001456
[2m2026-03-02T08:58:40.104986Z[0m [32m INFO[0m [2mactix_web::middleware::logger[0m[2m:[0m 172.31.15.48 "GET /api/market-data/price/XAUUSD HTTP/1.1" 200 129 "https://app.project-bubblegum.shop/" "Mozilla/5.0 (Macintosh; Intel Mac OS X 10_15_7) AppleWebKit/537.36 (KHTML, like Gecko) Chrome/145.0.0.0 Safari/537.36" 0.128851
[2m2026-03-02T08:58:42.661764Z[0m [32m INFO[0m [2mactix_web::middleware::logger[0m[2m:[0m 172.31.24.194 "GET /api/health HTTP/1.1" 404 0 "-" "ELB-HealthChecker/2.0" 0.000066
[2m2026-03-02T08:58:43.352209Z[0m [32m INFO[0m [2mactix_web::middleware::logger[0m[2m:[0m 172.31.15.48 "GET /api/bots/activity/all?limit=100 HTTP/1.1" 200 31143 "https://app.project-bubblegum.shop/" "Mozilla/5.0 (Macintosh; Intel Mac OS X 10_15_7) AppleWebKit/537.36 (KHTML, like Gecko) Chrome/145.0.0.0 Safari/537.36" 0.001585
[2m2026-03-02T08:58:43.374915Z[0m [32m INFO[0m [2mactix_web::middleware::logger[0m[2m:[0m 172.31.15.48 "GET /api/bots HTTP/1.1" 200 27387 "https://app.project-bubblegum.shop/" "Mozilla/5.0 (Macintosh; Intel Mac OS X 10_15_7) AppleWebKit/537.36 (KHTML, like Gecko) Chrome/145.0.0.0 Safari/537.36" 0.024616
[2m2026-03-02T08:58:43.408422Z[0m [32m INFO[0m [2mactix_web::middleware::logger[0m[2m:[0m 172.31.15.48 "GET /api/strategies HTTP/1.1" 200 20866 "https://app.project-bubblegum.shop/" "Mozilla/5.0 (Macintosh; Intel Mac OS X 10_15_7) AppleWebKit/537.36 (KHTML, like Gecko) Chrome/145.0.0.0 Safari/537.36" 0.001141
[2m2026-03-02T08:58:43.485430Z[0m [32m INFO[0m [2mactix_web::middleware::logger[0m[2m:[0m 172.31.15.48 "GET /api/bots/44e89400-ca87-41d0-86fe-5efc94cd5fe1/activity?limit=50 HTTP/1.1" 200 20105 "https://app.project-bubblegum.shop/" "Mozilla/5.0 (Macintosh; Intel Mac OS X 10_15_7) AppleWebKit/537.36 (KHTML, like Gecko) Chrome/145.0.0.0 Safari/537.36" 0.003921
[2m2026-03-02T08:58:43.587687Z[0m [32m INFO[0m [2mactix_web::middleware::logger[0m[2m:[0m 172.31.15.48 "GET /api/market-data/price/XAUUSD HTTP/1.1" 200 129 "https://app.project-bubblegum.shop/" "Mozilla/5.0 (Macintosh; Intel Mac OS X 10_15_7) AppleWebKit/537.36 (KHTML, like Gecko) Chrome/145.0.0.0 Safari/537.36" 0.137268
[2m2026-03-02T08:58:43.619671Z[0m [32m INFO[0m [2mactix_web::middleware::logger[0m[2m:[0m 172.31.15.48 "GET /api/trading/positions HTTP/1.1" 200 652 "https://app.project-bubblegum.shop/" "Mozilla/5.0 (Macintosh; Intel Mac OS X 10_15_7) AppleWebKit/537.36 (KHTML, like Gecko) Chrome/145.0.0.0 Safari/537.36" 0.139111
[2m2026-03-02T08:58:43.743502Z[0m [32m INFO[0m [2mactix_web::middleware::logger[0m[2m:[0m 172.31.15.48 "GET /api/market-data/price/NAS100USD HTTP/1.1" 200 132 "https://app.project-bubblegum.shop/" "Mozilla/5.0 (Macintosh; Intel Mac OS X 10_15_7) AppleWebKit/537.36 (KHTML, like Gecko) Chrome/145.0.0.0 Safari/537.36" 0.128284
[2m2026-03-02T08:58:43.772230Z[0m [32m INFO[0m [2mactix_web::middleware::logger[0m[2m:[0m 172.31.15.48 "GET /api/trading/trades/open HTTP/1.1" 200 1885 "https://app.project-bubblegum.shop/" "Mozilla/5.0 (Macintosh; Intel Mac OS X 10_15_7) AppleWebKit/537.36 (KHTML, like Gecko) Chrome/145.0.0.0 Safari/537.36" 0.122385
[2m2026-03-02T08:58:43.907465Z[0m [32m INFO[0m [2mactix_web::middleware::logger[0m[2m:[0m 172.31.15.48 "GET /api/market-data/price/USDJPY HTTP/1.1" 200 131 "https://app.project-bubblegum.shop/" "Mozilla/5.0 (Macintosh; Intel Mac OS X 10_15_7) AppleWebKit/537.36 (KHTML, like Gecko) Chrome/145.0.0.0 Safari/537.36" 0.132699
[2m2026-03-02T08:58:44.097360Z[0m [32m INFO[0m [2mactix_web::middleware::logger[0m[2m:[0m 172.31.15.48 "GET /api/market-data/price/EURUSD HTTP/1.1" 200 133 "https://app.project-bubblegum.shop/" "Mozilla/5.0 (Macintosh; Intel Mac OS X 10_15_7) AppleWebKit/537.36 (KHTML, like Gecko) Chrome/145.0.0.0 Safari/537.36" 0.161721
[2m2026-03-02T08:58:44.249217Z[0m [32m INFO[0m [2mactix_web::middleware::logger[0m[2m:[0m 172.31.15.48 "GET /api/market-data/price/BTCUSD HTTP/1.1" 200 115 "https://app.project-bubblegum.shop/" "Mozilla/5.0 (Macintosh; Intel Mac OS X 10_15_7) AppleWebKit/537.36 (KHTML, like Gecko) Chrome/145.0.0.0 Safari/537.36" 0.118136
[2m2026-03-02T08:58:44.410735Z[0m [32m INFO[0m [2mactix_web::middleware::logger[0m[2m:[0m 172.31.15.48 "GET /api/market-data/price/GBPUSD HTTP/1.1" 200 131 "https://app.project-bubblegum.shop/" "Mozilla/5.0 (Macintosh; Intel Mac OS X 10_15_7) AppleWebKit/537.36 (KHTML, like Gecko) Chrome/145.0.0.0 Safari/537.36" 0.125649
[2m2026-03-02T08:58:44.580677Z[0m [32m INFO[0m [2mactix_web::middleware::logger[0m[2m:[0m 172.31.15.48 "GET /api/market-data/price/NATGASUSD HTTP/1.1" 200 127 "https://app.project-bubblegum.shop/" "Mozilla/5.0 (Macintosh; Intel Mac OS X 10_15_7) AppleWebKit/537.36 (KHTML, like Gecko) Chrome/145.0.0.0 Safari/537.36" 0.132525
[2m2026-03-02T08:58:44.729422Z[0m [32m INFO[0m [2mactix_web::middleware::logger[0m[2m:[0m 172.31.15.48 "GET /api/market-data/price/WTICOUSD HTTP/1.1" 200 129 "https://app.project-bubblegum.shop/" "Mozilla/5.0 (Macintosh; Intel Mac OS X 10_15_7) AppleWebKit/537.36 (KHTML, like Gecko) Chrome/145.0.0.0 Safari/537.36" 0.118540
[2m2026-03-02T08:58:46.941289Z[0m [32m INFO[0m [2mactix_web::middleware::logger[0m[2m:[0m 172.31.15.48 "GET /api/trading/status HTTP/1.1" 200 120 "https://app.project-bubblegum.shop/" "Mozilla/5.0 (Macintosh; Intel Mac OS X 10_15_7) AppleWebKit/537.36 (KHTML, like Gecko) Chrome/145.0.0.0 Safari/537.36" 0.000043
[2m2026-03-02T08:58:46.941352Z[0m [32m INFO[0m [2mactix_web::middleware::logger[0m[2m:[0m 172.31.15.48 "GET /api/mrate/regime HTTP/1.1" 200 5587 "https://app.project-bubblegum.shop/" "Mozilla/5.0 (Macintosh; Intel Mac OS X 10_15_7) AppleWebKit/537.36 (KHTML, like Gecko) Chrome/145.0.0.0 Safari/537.36" 0.001013
[2m2026-03-02T08:58:46.941459Z[0m [32m INFO[0m [2mactix_web::middleware::logger[0m[2m:[0m 172.31.15.48 "OPTIONS /api/macro/sentiment HTTP/1.1" 200 0 "https://app.project-bubblegum.shop/" "Mozilla/5.0 (Macintosh; Intel Mac OS X 10_15_7) AppleWebKit/537.36 (KHTML, like Gecko) Chrome/145.0.0.0 Safari/537.36" 0.000017
[2m2026-03-02T08:58:46.942964Z[0m [32m INFO[0m [2mactix_web::middleware::logger[0m[2m:[0m 172.31.15.48 "GET /api/bots/activity/all?limit=50 HTTP/1.1" 200 14056 "https://app.project-bubblegum.shop/" "Mozilla/5.0 (Macintosh; Intel Mac OS X 10_15_7) AppleWebKit/537.36 (KHTML, like Gecko) Chrome/145.0.0.0 Safari/537.36" 0.001849
[2m2026-03-02T08:58:46.944669Z[0m [32m INFO[0m [2mactix_web::middleware::logger[0m[2m:[0m 172.31.15.48 "GET /api/mrate/alerts HTTP/1.1" 200 244 "https://app.project-bubblegum.shop/" "Mozilla/5.0 (Macintosh; Intel Mac OS X 10_15_7) AppleWebKit/537.36 (KHTML, like Gecko) Chrome/145.0.0.0 Safari/537.36" 0.003686
[2m2026-03-02T08:58:46.970310Z[0m [32m INFO[0m [2maureum_backend::api::macro_sentiment[0m[2m:[0m Fetching fresh macro sentiment from Polymarket
[2m2026-03-02T08:58:46.981038Z[0m [32m INFO[0m [2maureum_backend::macro_sentiment::polymarket[0m[2m:[0m Fetching fresh Polymarket markets (limit=500)
[2m2026-03-02T08:58:47.050122Z[0m [32m INFO[0m [2maureum_backend::macro_sentiment::polymarket[0m[2m:[0m Fetched 500 total markets from Polymarket
[2m2026-03-02T08:58:47.050492Z[0m [32m INFO[0m [2maureum_backend::macro_sentiment::polymarket[0m[2m:[0m Found markets: 1 Fed, 188 BTC, 3 Econ
[2m2026-03-02T08:58:47.050609Z[0m [32m INFO[0m [2maureum_backend::macro_sentiment::polymarket[0m[2m:[0m Macro sentiment calculated: modifier=1.00, fed_uncertainty=0.00, btc_sentiment=-0.48
[2m2026-03-02T08:58:47.050852Z[0m [32m INFO[0m [2mactix_web::middleware::logger[0m[2m:[0m 172.31.15.48 "GET /api/macro/sentiment HTTP/1.1" 200 372 "https://app.project-bubblegum.shop/" "Mozilla/5.0 (Macintosh; Intel Mac OS X 10_15_7) AppleWebKit/537.36 (KHTML, like Gecko) Chrome/145.0.0.0 Safari/537.36" 0.080588
[2m2026-03-02T08:58:47.069647Z[0m [32m INFO[0m [2mactix_web::middleware::logger[0m[2m:[0m 172.31.15.48 "GET /api/trading/positions HTTP/1.1" 200 652 "https://app.project-bubblegum.shop/" "Mozilla/5.0 (Macintosh; Intel Mac OS X 10_15_7) AppleWebKit/537.36 (KHTML, like Gecko) Chrome/145.0.0.0 Safari/537.36" 0.128180
[2m2026-03-02T08:58:47.070034Z[0m [32m INFO[0m [2mactix_web::middleware::logger[0m[2m:[0m 172.31.15.48 "GET /api/trading/account HTTP/1.1" 200 207 "https://app.project-bubblegum.shop/" "Mozilla/5.0 (Macintosh; Intel Mac OS X 10_15_7) AppleWebKit/537.36 (KHTML, like Gecko) Chrome/145.0.0.0 Safari/537.36" 0.119237
[2m2026-03-02T08:58:48.592331Z[0m [32m INFO[0m [2mactix_web::middleware::logger[0m[2m:[0m 172.31.15.48 "GET /api/market-data/price/BTCUSD HTTP/1.1" 200 115 "https://app.project-bubblegum.shop/" "Mozilla/5.0 (Macintosh; Intel Mac OS X 10_15_7) AppleWebKit/537.36 (KHTML, like Gecko) Chrome/145.0.0.0 Safari/537.36" 0.188873
[2m2026-03-02T08:58:48.595362Z[0m [32m INFO[0m [2mactix_web::middleware::logger[0m[2m:[0m 172.31.15.48 "GET /api/market-data/price/NATGAS_USD HTTP/1.1" 200 128 "https://app.project-bubblegum.shop/" "Mozilla/5.0 (Macintosh; Intel Mac OS X 10_15_7) AppleWebKit/537.36 (KHTML, like Gecko) Chrome/145.0.0.0 Safari/537.36" 0.151208
[2m2026-03-02T08:58:48.600684Z[0m [32m INFO[0m [2mactix_web::middleware::logger[0m[2m:[0m 172.31.15.48 "GET /api/market-data/price/WTICO_USD HTTP/1.1" 200 130 "https://app.project-bubblegum.shop/" "Mozilla/5.0 (Macintosh; Intel Mac OS X 10_15_7) AppleWebKit/537.36 (KHTML, like Gecko) Chrome/145.0.0.0 Safari/537.36" 0.127696
[2m2026-03-02T08:58:48.602844Z[0m [32m INFO[0m [2mactix_web::middleware::logger[0m[2m:[0m 172.31.15.48 "GET /api/market-data/price/EURUSD HTTP/1.1" 200 133 "https://app.project-bubblegum.shop/" "Mozilla/5.0 (Macintosh; Intel Mac OS X 10_15_7) AppleWebKit/537.36 (KHTML, like Gecko) Chrome/145.0.0.0 Safari/537.36" 0.158689
[2m2026-03-02T08:58:48.614715Z[0m [32m INFO[0m [2mactix_web::middleware::logger[0m[2m:[0m 172.31.15.48 "GET /api/market-data/price/XAUUSD HTTP/1.1" 200 130 "https://app.project-bubblegum.shop/" "Mozilla/5.0 (Macintosh; Intel Mac OS X 10_15_7) AppleWebKit/537.36 (KHTML, like Gecko) Chrome/145.0.0.0 Safari/537.36" 0.213968
[2m2026-03-02T08:58:48.622795Z[0m [32m INFO[0m [2mactix_web::middleware::logger[0m[2m:[0m 172.31.15.48 "GET /api/market-data/price/USDJPY HTTP/1.1" 200 132 "https://app.project-bubblegum.shop/" "Mozilla/5.0 (Macintosh; Intel Mac OS X 10_15_7) AppleWebKit/537.36 (KHTML, like Gecko) Chrome/145.0.0.0 Safari/537.36" 0.198695
[2m2026-03-02T08:58:49.875922Z[0m [32m INFO[0m [2mactix_web::middleware::logger[0m[2m:[0m 172.31.15.48 "GET /api/risk/status HTTP/1.1" 200 741 "https://app.project-bubblegum.shop/" "Mozilla/5.0 (Macintosh; Intel Mac OS X 10_15_7) AppleWebKit/537.36 (KHTML, like Gecko) Chrome/145.0.0.0 Safari/537.36" 0.000752
[2m2026-03-02T08:58:49.906639Z[0m [32m INFO[0m [2mactix_web::middleware::logger[0m[2m:[0m 172.31.15.48 "GET /api/bots HTTP/1.1" 200 27387 "https://app.project-bubblegum.shop/" "Mozilla/5.0 (Macintosh; Intel Mac OS X 10_15_7) AppleWebKit/537.36 (KHTML, like Gecko) Chrome/145.0.0.0 Safari/537.36" 0.031468
[2m2026-03-02T08:58:50.142458Z[0m [32m INFO[0m [2mactix_web::middleware::logger[0m[2m:[0m 172.31.15.48 "GET /api/market-data/price/XAUUSD HTTP/1.1" 200 139 "https://app.project-bubblegum.shop/" "Mozilla/5.0 (Macintosh; Intel Mac OS X 10_15_7) AppleWebKit/537.36 (KHTML, like Gecko) Chrome/145.0.0.0 Safari/537.36" 0.172310
[2m2026-03-02T08:58:51.938720Z[0m [32m INFO[0m [2mactix_web::middleware::logger[0m[2m:[0m 172.31.15.48 "GET /api/bots/activity/all?limit=50 HTTP/1.1" 200 14056 "https://app.project-bubblegum.shop/" "Mozilla/5.0 (Macintosh; Intel Mac OS X 10_15_7) AppleWebKit/537.36 (KHTML, like Gecko) Chrome/145.0.0.0 Safari/537.36" 0.002587
[2m2026-03-02T08:58:51.977147Z[0m [32m INFO[0m [2mactix_web::middleware::logger[0m[2m:[0m 172.31.15.48 "GET /api/trading/status HTTP/1.1" 200 120 "https://app.project-bubblegum.shop/" "Mozilla/5.0 (Macintosh; Intel Mac OS X 10_15_7) AppleWebKit/537.36 (KHTML, like Gecko) Chrome/145.0.0.0 Safari/537.36" 0.000114
[2m2026-03-02T08:58:52.220171Z[0m [32m INFO[0m [2mactix_web::middleware::logger[0m[2m:[0m 172.31.15.48 "GET /api/trading/positions HTTP/1.1" 200 651 "https://app.project-bubblegum.shop/" "Mozilla/5.0 (Macintosh; Intel Mac OS X 10_15_7) AppleWebKit/537.36 (KHTML, like Gecko) Chrome/145.0.0.0 Safari/537.36" 0.119484
[2m2026-03-02T08:58:54.972672Z[0m [32m INFO[0m [2mactix_web::middleware::logger[0m[2m:[0m 172.31.15.48 "GET /api/bots/activity/all?limit=20 HTTP/1.1" 200 5631 "https://app.project-bubblegum.shop/" "Mozilla/5.0 (Macintosh; Intel Mac OS X 10_15_7) AppleWebKit/537.36 (KHTML, like Gecko) Chrome/145.0.0.0 Safari/537.36" 0.001509
[2m2026-03-02T08:58:56.942188Z[0m [32m INFO[0m [2mactix_web::middleware::logger[0m[2m:[0m 172.31.15.48 "GET /api/bots/activity/all?limit=50 HTTP/1.1" 200 14056 "https://app.project-bubblegum.shop/" "Mozilla/5.0 (Macintosh; Intel Mac OS X 10_15_7) AppleWebKit/537.36 (KHTML, like Gecko) Chrome/145.0.0.0 Safari/537.36" 0.001829
[2m2026-03-02T08:58:57.005858Z[0m [32m INFO[0m [2mactix_web::middleware::logger[0m[2m:[0m 172.31.15.48 "GET /api/trading/status HTTP/1.1" 200 120 "https://app.project-bubblegum.shop/" "Mozilla/5.0 (Macintosh; Intel Mac OS X 10_15_7) AppleWebKit/537.36 (KHTML, like Gecko) Chrome/145.0.0.0 Safari/537.36" 0.000083
[2m2026-03-02T08:58:57.231926Z[0m [32m INFO[0m [2mactix_web::middleware::logger[0m[2m:[0m 172.31.15.48 "GET /api/trading/account HTTP/1.1" 200 207 "https://app.project-bubblegum.shop/" "Mozilla/5.0 (Macintosh; Intel Mac OS X 10_15_7) AppleWebKit/537.36 (KHTML, like Gecko) Chrome/145.0.0.0 Safari/537.36" 0.126493
[2m2026-03-02T08:58:57.377301Z[0m [32m INFO[0m [2mactix_web::middleware::logger[0m[2m:[0m 172.31.15.48 "GET /api/trading/positions HTTP/1.1" 200 653 "https://app.project-bubblegum.shop/" "Mozilla/5.0 (Macintosh; Intel Mac OS X 10_15_7) AppleWebKit/537.36 (KHTML, like Gecko) Chrome/145.0.0.0 Safari/537.36" 0.121436
[2m2026-03-02T08:58:57.955426Z[0m [32m INFO[0m [2mactix_web::middleware::logger[0m[2m:[0m 172.31.15.48 "GET /api/health HTTP/1.1" 404 0 "-" "ELB-HealthChecker/2.0" 0.000059
[2m2026-03-02T08:58:58.836946Z[0m [32m INFO[0m [2mactix_web::middleware::logger[0m[2m:[0m 172.31.15.48 "GET /api/market-data/price/XAUUSD HTTP/1.1" 200 129 "https://app.project-bubblegum.shop/" "Mozilla/5.0 (Macintosh; Intel Mac OS X 10_15_7) AppleWebKit/537.36 (KHTML, like Gecko) Chrome/145.0.0.0 Safari/537.36" 0.161321
[2m2026-03-02T08:58:58.844900Z[0m [32m INFO[0m [2mactix_web::middleware::logger[0m[2m:[0m 172.31.15.48 "GET /api/market-data/price/EURUSD HTTP/1.1" 200 133 "https://app.project-bubblegum.shop/" "Mozilla/5.0 (Macintosh; Intel Mac OS X 10_15_7) AppleWebKit/537.36 (KHTML, like Gecko) Chrome/145.0.0.0 Safari/537.36" 0.150379
[2m2026-03-02T08:58:58.845727Z[0m [32m INFO[0m [2mactix_web::middleware::logger[0m[2m:[0m 172.31.15.48 "GET /api/market-data/price/WTICO_USD HTTP/1.1" 200 130 "https://app.project-bubblegum.shop/" "Mozilla/5.0 (Macintosh; Intel Mac OS X 10_15_7) AppleWebKit/537.36 (KHTML, like Gecko) Chrome/145.0.0.0 Safari/537.36" 0.132759
[2m2026-03-02T08:58:58.850750Z[0m [32m INFO[0m [2mactix_web::middleware::logger[0m[2m:[0m 172.31.15.48 "GET /api/market-data/price/NATGAS_USD HTTP/1.1" 200 128 "https://app.project-bubblegum.shop/" "Mozilla/5.0 (Macintosh; Intel Mac OS X 10_15_7) AppleWebKit/537.36 (KHTML, like Gecko) Chrome/145.0.0.0 Safari/537.36" 0.135411
[2m2026-03-02T08:58:58.851779Z[0m [32m INFO[0m [2mactix_web::middleware::logger[0m[2m:[0m 172.31.15.48 "GET /api/market-data/price/USDJPY HTTP/1.1" 200 130 "https://app.project-bubblegum.shop/" "Mozilla/5.0 (Macintosh; Intel Mac OS X 10_15_7) AppleWebKit/537.36 (KHTML, like Gecko) Chrome/145.0.0.0 Safari/537.36" 0.155419
[2m2026-03-02T08:58:58.857005Z[0m [32m INFO[0m [2mactix_web::middleware::logger[0m[2m:[0m 172.31.15.48 "GET /api/market-data/price/BTCUSD HTTP/1.1" 200 115 "https://app.project-bubblegum.shop/" "Mozilla/5.0 (Macintosh; Intel Mac OS X 10_15_7) AppleWebKit/537.36 (KHTML, like Gecko) Chrome/145.0.0.0 Safari/537.36" 0.180144
[2m2026-03-02T08:58:59.885950Z[0m [32m INFO[0m [2mactix_web::middleware::logger[0m[2m:[0m 172.31.15.48 "GET /api/risk/status HTTP/1.1" 200 741 "https://app.project-bubblegum.shop/" "Mozilla/5.0 (Macintosh; Intel Mac OS X 10_15_7) AppleWebKit/537.36 (KHTML, like Gecko) Chrome/145.0.0.0 Safari/537.36" 0.000259
[2m2026-03-02T08:58:59.887448Z[0m [32m INFO[0m [2maureum_backend::macro_sentiment::polymarket[0m[2m:[0m Fetching fresh Polymarket markets (limit=500)
[2m2026-03-02T08:58:59.911710Z[0m [33m WARN[0m [2maureum_backend::intelligence::flights[0m[2m:[0m OpenSky returned status 429 Too Many Requests
[2m2026-03-02T08:58:59.922867Z[0m [32m INFO[0m [2mactix_web::middleware::logger[0m[2m:[0m 172.31.15.48 "GET /api/bots HTTP/1.1" 200 27387 "https://app.project-bubblegum.shop/" "Mozilla/5.0 (Macintosh; Intel Mac OS X 10_15_7) AppleWebKit/537.36 (KHTML, like Gecko) Chrome/145.0.0.0 Safari/537.36" 0.037273
[2m2026-03-02T08:58:59.939075Z[0m [32m INFO[0m [2maureum_backend::macro_sentiment::polymarket[0m[2m:[0m Fetched 500 total markets from Polymarket
[2m2026-03-02T08:58:59.998988Z[0m [33m WARN[0m [2maureum_backend::risk::correlation[0m[2m:[0m Strategy correlation detected: 24105ded-681c-43af-ba3c-e3ad7ed7e09c <-> 24bc2dde-c63e-4f70-8082-e3006bf983cb = 0.738
[2m2026-03-02T08:59:00.006427Z[0m [33m WARN[0m [2maureum_backend::bot::runner[0m[2m:[0m Strategy 24105ded-681c-43af-ba3c-e3ad7ed7e09c blocked due to correlation
[2m2026-03-02T08:59:00.089410Z[0m [32m INFO[0m [2mactix_web::middleware::logger[0m[2m:[0m 172.31.15.48 "GET /api/market-data/price/XAUUSD HTTP/1.1" 200 130 "https://app.project-bubblegum.shop/" "Mozilla/5.0 (Macintosh; Intel Mac OS X 10_15_7) AppleWebKit/537.36 (KHTML, like Gecko) Chrome/145.0.0.0 Safari/537.36" 0.118563
[2m2026-03-02T08:59:00.733658Z[0m [33m WARN[0m [2maureum_backend::intelligence::rss_ingest[0m[2m:[0m RSS: politico_rss — HTTP 403 Forbidden
[2m2026-03-02T08:59:01.967989Z[0m [32m INFO[0m [2mactix_web::middleware::logger[0m[2m:[0m 172.31.15.48 "GET /api/bots/activity/all?limit=50 HTTP/1.1" 200 19421 "https://app.project-bubblegum.shop/" "Mozilla/5.0 (Macintosh; Intel Mac OS X 10_15_7) AppleWebKit/537.36 (KHTML, like Gecko) Chrome/145.0.0.0 Safari/537.36" 0.003211
[2m2026-03-02T08:59:02.034718Z[0m [32m INFO[0m [2mactix_web::middleware::logger[0m[2m:[0m 172.31.15.48 "GET /api/trading/status HTTP/1.1" 200 120 "https://app.project-bubblegum.shop/" "Mozilla/5.0 (Macintosh; Intel Mac OS X 10_15_7) AppleWebKit/537.36 (KHTML, like Gecko) Chrome/145.0.0.0 Safari/537.36" 0.000077
[2m2026-03-02T08:59:02.778577Z[0m [32m INFO[0m [2mactix_web::middleware::logger[0m[2m:[0m 172.31.15.48 "GET /api/trading/positions HTTP/1.1" 200 651 "https://app.project-bubblegum.shop/" "Mozilla/5.0 (Macintosh; Intel Mac OS X 10_15_7) AppleWebKit/537.36 (KHTML, like Gecko) Chrome/145.0.0.0 Safari/537.36" 0.368832
[2m2026-03-02T08:59:03.734620Z[0m [32m INFO[0m [2maureum_backend::intelligence::rss_ingest[0m[2m:[0m 📰 RSS: 30 sources → 37 new posts
[2m2026-03-02T08:59:03.737104Z[0m [32m INFO[0m [2maureum_backend::intelligence::feed[0m[2m:[0m 🔄 Telegram feed ingestion: 50 sources
[2m2026-03-02T08:59:03.804121Z[0m [32m INFO[0m [2maureum_backend::intelligence::feed[0m[2m:[0m 📨 1 new posts from @africaintelligence
[2m2026-03-02T08:59:03.983938Z[0m [32m INFO[0m [2maureum_backend::intelligence::feed[0m[2m:[0m 📨 7 new posts from @astrapress
[2m2026-03-02T08:59:04.089780Z[0m [32m INFO[0m [2maureum_backend::intelligence::feed[0m[2m:[0m 📨 9 new posts from @bloomberg
[2m2026-03-02T08:59:04.279305Z[0m [32m INFO[0m [2maureum_backend::intelligence::feed[0m[2m:[0m 📨 9 new posts from @clashreport
[2m2026-03-02T08:59:04.410487Z[0m [32m INFO[0m [2maureum_backend::intelligence::feed[0m[2m:[0m 📨 7 new posts from @CryptoWhaleAlerts
[2m2026-03-02T08:59:04.502213Z[0m [32m INFO[0m [2maureum_backend::intelligence::feed[0m[2m:[0m 📨 9 new posts from @disclosetv
[2m2026-03-02T08:59:04.620541Z[0m [32m INFO[0m [2maureum_backend::intelligence::feed[0m[2m:[0m 📨 9 new posts from @fxstreet
[2m2026-03-02T08:59:04.681097Z[0m [32m INFO[0m [2maureum_backend::intelligence::feed[0m[2m:[0m 📨 9 new posts from @FlashNewsX
[2m2026-03-02T08:59:04.749044Z[0m [32m INFO[0m [2maureum_backend::intelligence::feed[0m[2m:[0m 📨 1 new posts from @geopolitics_live
[2m2026-03-02T08:59:04.963462Z[0m [32m INFO[0m [2maureum_backend::intelligence::feed[0m[2m:[0m 📨 9 new posts from @IntelRepublic
[2m2026-03-02T08:59:05.075980Z[0m [32m INFO[0m [2maureum_backend::intelligence::feed[0m[2m:[0m 📨 9 new posts from @intelslava
[2m2026-03-02T08:59:05.178744Z[0m [32m INFO[0m [2maureum_backend::intelligence::feed[0m[2m:[0m 📨 9 new posts from @liveuamap
[2m2026-03-02T08:59:05.430832Z[0m [32m INFO[0m [2maureum_backend::intelligence::feed[0m[2m:[0m 📨 9 new posts from @marketsmayhem
[2m2026-03-02T08:59:05.649244Z[0m [32m INFO[0m [2maureum_backend::intelligence::feed[0m[2m:[0m 📨 9 new posts from @militarysummary
[2m2026-03-02T08:59:05.833128Z[0m [32m INFO[0m [2maureum_backend::intelligence::feed[0m[2m:[0m 📨 9 new posts from @nexta_live
[2m2026-03-02T08:59:05.922259Z[0m [32m INFO[0m [2maureum_backend::intelligence::feed[0m[2m:[0m 📨 9 new posts from @OSINTtechnical
[2m2026-03-02T08:59:06.123173Z[0m [32m INFO[0m [2maureum_backend::intelligence::feed[0m[2m:[0m 📨 9 new posts from @PalestineChronicle
[2m2026-03-02T08:59:06.212424Z[0m [32m INFO[0m [2maureum_backend::intelligence::feed[0m[2m:[0m 📨 9 new posts from @polymarketupdates
[2m2026-03-02T08:59:06.299011Z[0m [32m INFO[0m [2maureum_backend::intelligence::feed[0m[2m:[0m 📨 9 new posts from @realvisionfinance
[2m2026-03-02T08:59:06.419477Z[0m [32m INFO[0m [2maureum_backend::intelligence::feed[0m[2m:[0m 📨 9 new posts from @rybar_en
[2m2026-03-02T08:59:06.455703Z[0m [32m INFO[0m [2maureum_backend::intelligence::feed[0m[2m:[0m 📨 1 new posts from @Semafor
[2m2026-03-02T08:59:06.558304Z[0m [32m INFO[0m [2maureum_backend::intelligence::feed[0m[2m:[0m 📨 9 new posts from @scmpnews
[2m2026-03-02T08:59:06.611854Z[0m [32m INFO[0m [2maureum_backend::intelligence::feed[0m[2m:[0m 📨 9 new posts from @spectatorindex
[2m2026-03-02T08:59:06.788478Z[0m [32m INFO[0m [2maureum_backend::intelligence::feed[0m[2m:[0m 📨 9 new posts from @Walter_Bloomberg
[2m2026-03-02T08:59:06.926556Z[0m [32m INFO[0m [2maureum_backend::intelligence::feed[0m[2m:[0m 📨 9 new posts from @WarMonitor
[2m2026-03-02T08:59:06.944697Z[0m [32m INFO[0m [2mactix_web::middleware::logger[0m[2m:[0m 172.31.15.48 "GET /api/bots/activity/all?limit=50 HTTP/1.1" 200 19421 "https://app.project-bubblegum.shop/" "Mozilla/5.0 (Macintosh; Intel Mac OS X 10_15_7) AppleWebKit/537.36 (KHTML, like Gecko) Chrome/145.0.0.0 Safari/537.36" 0.002250
[2m2026-03-02T08:59:07.041683Z[0m [32m INFO[0m [2maureum_backend::intelligence::feed[0m[2m:[0m 📨 9 new posts from @wartranslated
[2m2026-03-02T08:59:07.076433Z[0m [32m INFO[0m [2mactix_web::middleware::logger[0m[2m:[0m 172.31.15.48 "GET /api/trading/status HTTP/1.1" 200 120 "https://app.project-bubblegum.shop/" "Mozilla/5.0 (Macintosh; Intel Mac OS X 10_15_7) AppleWebKit/537.36 (KHTML, like Gecko) Chrome/145.0.0.0 Safari/537.36" 0.000078
[2m2026-03-02T08:59:07.102218Z[0m [32m INFO[0m [2maureum_backend::intelligence::feed[0m[2m:[0m 📨 9 new posts from @whale_alert
[2m2026-03-02T08:59:07.262947Z[0m [33m WARN[0m [2maureum_backend::intelligence::feed[0m[2m:[0m NewsAPI us returned 429 Too Many Requests
[2m2026-03-02T08:59:07.354919Z[0m [33m WARN[0m [2maureum_backend::intelligence::feed[0m[2m:[0m NewsAPI gb returned 429 Too Many Requests
[2m2026-03-02T08:59:07.450171Z[0m [33m WARN[0m [2maureum_backend::intelligence::feed[0m[2m:[0m NewsAPI de returned 429 Too Many Requests
[2m2026-03-02T08:59:07.546962Z[0m [33m WARN[0m [2maureum_backend::intelligence::feed[0m[2m:[0m NewsAPI fr returned 429 Too Many Requests
[2m2026-03-02T08:59:07.643023Z[0m [33m WARN[0m [2maureum_backend::intelligence::feed[0m[2m:[0m NewsAPI in returned 429 Too Many Requests
[2m2026-03-02T08:59:07.735066Z[0m [33m WARN[0m [2maureum_backend::intelligence::feed[0m[2m:[0m NewsAPI jp returned 429 Too Many Requests
[2m2026-03-02T08:59:07.830324Z[0m [33m WARN[0m [2maureum_backend::intelligence::feed[0m[2m:[0m NewsAPI il returned 429 Too Many Requests
[2m2026-03-02T08:59:07.838916Z[0m [32m INFO[0m [2mactix_web::middleware::logger[0m[2m:[0m 172.31.15.48 "GET /api/trading/account HTTP/1.1" 200 208 "https://app.project-bubblegum.shop/" "Mozilla/5.0 (Macintosh; Intel Mac OS X 10_15_7) AppleWebKit/537.36 (KHTML, like Gecko) Chrome/145.0.0.0 Safari/537.36" 0.562658
[2m2026-03-02T08:59:07.929180Z[0m [33m WARN[0m [2maureum_backend::intelligence::feed[0m[2m:[0m NewsAPI ua returned 429 Too Many Requests
[2m2026-03-02T08:59:07.954686Z[0m [32m INFO[0m [2mactix_web::middleware::logger[0m[2m:[0m 172.31.15.48 "GET /api/trading/positions HTTP/1.1" 200 653 "https://app.project-bubblegum.shop/" "Mozilla/5.0 (Macintosh; Intel Mac OS X 10_15_7) AppleWebKit/537.36 (KHTML, like Gecko) Chrome/145.0.0.0 Safari/537.36" 0.141264
[2m2026-03-02T08:59:08.009291Z[0m [32m INFO[0m [2mactix_web::middleware::logger[0m[2m:[0m 172.31.15.48 "GET /api/bots/activity/all?limit=100 HTTP/1.1" 200 39222 "https://app.project-bubblegum.shop/" "Mozilla/5.0 (Macintosh; Intel Mac OS X 10_15_7) AppleWebKit/537.36 (KHTML, like Gecko) Chrome/145.0.0.0 Safari/537.36" 0.002370
[2m2026-03-02T08:59:08.026735Z[0m [33m WARN[0m [2maureum_backend::intelligence::feed[0m[2m:[0m NewsAPI sa returned 429 Too Many Requests
[2m2026-03-02T08:59:08.028677Z[0m [32m INFO[0m [2mactix_web::middleware::logger[0m[2m:[0m 172.31.15.48 "GET /api/bots HTTP/1.1" 200 27387 "https://app.project-bubblegum.shop/" "Mozilla/5.0 (Macintosh; Intel Mac OS X 10_15_7) AppleWebKit/537.36 (KHTML, like Gecko) Chrome/145.0.0.0 Safari/537.36" 0.021903
[2m2026-03-02T08:59:08.066770Z[0m [32m INFO[0m [2mactix_web::middleware::logger[0m[2m:[0m 172.31.15.48 "GET /api/strategies HTTP/1.1" 200 20866 "https://app.project-bubblegum.shop/" "Mozilla/5.0 (Macintosh; Intel Mac OS X 10_15_7) AppleWebKit/537.36 (KHTML, like Gecko) Chrome/145.0.0.0 Safari/537.36" 0.001548
[2m2026-03-02T08:59:08.097991Z[0m [32m INFO[0m [2mactix_web::middleware::logger[0m[2m:[0m 172.31.15.48 "GET /api/bots/44e89400-ca87-41d0-86fe-5efc94cd5fe1/cooldown HTTP/1.1" 200 118 "https://app.project-bubblegum.shop/" "Mozilla/5.0 (Macintosh; Intel Mac OS X 10_15_7) AppleWebKit/537.36 (KHTML, like Gecko) Chrome/145.0.0.0 Safari/537.36" 0.001979
[2m2026-03-02T08:59:08.098882Z[0m [32m INFO[0m [2mactix_web::middleware::logger[0m[2m:[0m 172.31.15.48 "GET /api/bots/62ff0517-1103-4b7d-bca7-74f1d371fa77/cooldown HTTP/1.1" 200 87 "https://app.project-bubblegum.shop/" "Mozilla/5.0 (Macintosh; Intel Mac OS X 10_15_7) AppleWebKit/537.36 (KHTML, like Gecko) Chrome/145.0.0.0 Safari/537.36" 0.002110
[2m2026-03-02T08:59:08.098903Z[0m [32m INFO[0m [2mactix_web::middleware::logger[0m[2m:[0m 172.31.15.48 "GET /api/bots/28834cfb-c37a-4005-905c-1f92de8063c4/cooldown HTTP/1.1" 200 87 "https://app.project-bubblegum.shop/" "Mozilla/5.0 (Macintosh; Intel Mac OS X 10_15_7) AppleWebKit/537.36 (KHTML, like Gecko) Chrome/145.0.0.0 Safari/537.36" 0.002701
[2m2026-03-02T08:59:08.098925Z[0m [32m INFO[0m [2mactix_web::middleware::logger[0m[2m:[0m 172.31.15.48 "GET /api/bots/0eafdac4-3954-4879-8886-32f031ca18bd/cooldown HTTP/1.1" 200 117 "https://app.project-bubblegum.shop/" "Mozilla/5.0 (Macintosh; Intel Mac OS X 10_15_7) AppleWebKit/537.36 (KHTML, like Gecko) Chrome/145.0.0.0 Safari/537.36" 0.002013
[2m2026-03-02T08:59:08.099020Z[0m [32m INFO[0m [2mactix_web::middleware::logger[0m[2m:[0m 172.31.15.48 "GET /api/bots/687222ae-58d5-42a1-bc99-18359a2bcba9/cooldown HTTP/1.1" 200 87 "https://app.project-bubblegum.shop/" "Mozilla/5.0 (Macintosh; Intel Mac OS X 10_15_7) AppleWebKit/537.36 (KHTML, like Gecko) Chrome/145.0.0.0 Safari/537.36" 0.002192
[2m2026-03-02T08:59:08.117672Z[0m [33m WARN[0m [2maureum_backend::intelligence::feed[0m[2m:[0m NewsAPI cn returned 429 Too Many Requests
[2m2026-03-02T08:59:08.119433Z[0m [32m INFO[0m [2mactix_web::middleware::logger[0m[2m:[0m 172.31.15.48 "GET /api/bots/dfd8878e-89d7-408b-b569-ea8e54fa7c57/cooldown HTTP/1.1" 200 87 "https://app.project-bubblegum.shop/" "Mozilla/5.0 (Macintosh; Intel Mac OS X 10_15_7) AppleWebKit/537.36 (KHTML, like Gecko) Chrome/145.0.0.0 Safari/537.36" 0.002974
[2m2026-03-02T08:59:08.119560Z[0m [32m INFO[0m [2mactix_web::middleware::logger[0m[2m:[0m 172.31.15.48 "GET /api/bots/d25c78da-dd75-4c6d-bfde-781a7ef00932/cooldown HTTP/1.1" 200 117 "https://app.project-bubblegum.shop/" "Mozilla/5.0 (Macintosh; Intel Mac OS X 10_15_7) AppleWebKit/537.36 (KHTML, like Gecko) Chrome/145.0.0.0 Safari/537.36" 0.003083
[2m2026-03-02T08:59:08.119630Z[0m [32m INFO[0m [2mactix_web::middleware::logger[0m[2m:[0m 172.31.15.48 "GET /api/bots/b43bd638-2279-4cc3-bafd-0a33b57e0b1d/cooldown HTTP/1.1" 200 87 "https://app.project-bubblegum.shop/" "Mozilla/5.0 (Macintosh; Intel Mac OS X 10_15_7) AppleWebKit/537.36 (KHTML, like Gecko) Chrome/145.0.0.0 Safari/537.36" 0.002998
[2m2026-03-02T08:59:08.120081Z[0m [32m INFO[0m [2mactix_web::middleware::logger[0m[2m:[0m 172.31.15.48 "GET /api/bots/2c3b0cbb-597e-48d9-b099-c614182d6860/cooldown HTTP/1.1" 200 87 "https://app.project-bubblegum.shop/" "Mozilla/5.0 (Macintosh; Intel Mac OS X 10_15_7) AppleWebKit/537.36 (KHTML, like Gecko) Chrome/145.0.0.0 Safari/537.36" 0.003414
[2m2026-03-02T08:59:08.120101Z[0m [32m INFO[0m [2mactix_web::middleware::logger[0m[2m:[0m 172.31.15.48 "GET /api/bots/3dd110ff-2090-4eec-ac95-bb560e3c16a9/cooldown HTTP/1.1" 200 87 "https://app.project-bubblegum.shop/" "Mozilla/5.0 (Macintosh; Intel Mac OS X 10_15_7) AppleWebKit/537.36 (KHTML, like Gecko) Chrome/145.0.0.0 Safari/537.36" 0.003495
[2m2026-03-02T08:59:08.120877Z[0m [32m INFO[0m [2mactix_web::middleware::logger[0m[2m:[0m 172.31.15.48 "GET /api/bots/94e5d0fb-86c5-47ad-a820-cb8b5d49795b/cooldown HTTP/1.1" 200 118 "https://app.project-bubblegum.shop/" "Mozilla/5.0 (Macintosh; Intel Mac OS X 10_15_7) AppleWebKit/537.36 (KHTML, like Gecko) Chrome/145.0.0.0 Safari/537.36" 0.003309
[2m2026-03-02T08:59:08.121142Z[0m [32m INFO[0m [2mactix_web::middleware::logger[0m[2m:[0m 172.31.15.48 "GET /api/bots/cd206081-e2bc-4dc3-abec-a5869634d79d/cooldown HTTP/1.1" 200 87 "https://app.project-bubblegum.shop/" "Mozilla/5.0 (Macintosh; Intel Mac OS X 10_15_7) AppleWebKit/537.36 (KHTML, like Gecko) Chrome/145.0.0.0 Safari/537.36" 0.003595
[2m2026-03-02T08:59:08.122076Z[0m [32m INFO[0m [2mactix_web::middleware::logger[0m[2m:[0m 172.31.15.48 "GET /api/bots/cb083586-43ba-423b-861b-f60220821800/cooldown HTTP/1.1" 200 87 "https://app.project-bubblegum.shop/" "Mozilla/5.0 (Macintosh; Intel Mac OS X 10_15_7) AppleWebKit/537.36 (KHTML, like Gecko) Chrome/145.0.0.0 Safari/537.36" 0.004558
[2m2026-03-02T08:59:08.122598Z[0m [32m INFO[0m [2mactix_web::middleware::logger[0m[2m:[0m 172.31.15.48 "GET /api/bots/6d107fa4-024a-4619-a89d-ae9c99aa605e/cooldown HTTP/1.1" 200 87 "https://app.project-bubblegum.shop/" "Mozilla/5.0 (Macintosh; Intel Mac OS X 10_15_7) AppleWebKit/537.36 (KHTML, like Gecko) Chrome/145.0.0.0 Safari/537.36" 0.004969
[2m2026-03-02T08:59:08.122913Z[0m [32m INFO[0m [2mactix_web::middleware::logger[0m[2m:[0m 172.31.15.48 "GET /api/bots/3015c5e0-b957-4cc9-be9b-01d93d94a6c2/cooldown HTTP/1.1" 200 87 "https://app.project-bubblegum.shop/" "Mozilla/5.0 (Macintosh; Intel Mac OS X 10_15_7) AppleWebKit/537.36 (KHTML, like Gecko) Chrome/145.0.0.0 Safari/537.36" 0.005266
[2m2026-03-02T08:59:08.122971Z[0m [32m INFO[0m [2mactix_web::middleware::logger[0m[2m:[0m 172.31.15.48 "GET /api/bots/67d7cd32-dee6-487d-bf46-ef5861e5bf47/cooldown HTTP/1.1" 200 87 "https://app.project-bubblegum.shop/" "Mozilla/5.0 (Macintosh; Intel Mac OS X 10_15_7) AppleWebKit/537.36 (KHTML, like Gecko) Chrome/145.0.0.0 Safari/537.36" 0.005373
[2m2026-03-02T08:59:08.123259Z[0m [32m INFO[0m [2mactix_web::middleware::logger[0m[2m:[0m 172.31.15.48 "GET /api/bots/ce318bfe-b724-494e-a8c0-aae71855b932/cooldown HTTP/1.1" 200 118 "https://app.project-bubblegum.shop/" "Mozilla/5.0 (Macintosh; Intel Mac OS X 10_15_7) AppleWebKit/537.36 (KHTML, like Gecko) Chrome/145.0.0.0 Safari/537.36" 0.002686
[2m2026-03-02T08:59:08.123563Z[0m [32m INFO[0m [2mactix_web::middleware::logger[0m[2m:[0m 172.31.15.48 "GET /api/bots/24057119-452f-42ff-8820-a47746af3fa4/cooldown HTTP/1.1" 200 117 "https://app.project-bubblegum.shop/" "Mozilla/5.0 (Macintosh; Intel Mac OS X 10_15_7) AppleWebKit/537.36 (KHTML, like Gecko) Chrome/145.0.0.0 Safari/537.36" 0.001776
[2m2026-03-02T08:59:08.123635Z[0m [32m INFO[0m [2mactix_web::middleware::logger[0m[2m:[0m 172.31.15.48 "GET /api/bots/15d242e4-26c2-4caf-bc8b-2ee42ee108e4/cooldown HTTP/1.1" 200 87 "https://app.project-bubblegum.shop/" "Mozilla/5.0 (Macintosh; Intel Mac OS X 10_15_7) AppleWebKit/537.36 (KHTML, like Gecko) Chrome/145.0.0.0 Safari/537.36" 0.002967
[2m2026-03-02T08:59:08.124086Z[0m [32m INFO[0m [2mactix_web::middleware::logger[0m[2m:[0m 172.31.15.48 "GET /api/bots/34a21f35-01f0-4913-9980-b3ed9eba1a68/cooldown HTTP/1.1" 200 117 "https://app.project-bubblegum.shop/" "Mozilla/5.0 (Macintosh; Intel Mac OS X 10_15_7) AppleWebKit/537.36 (KHTML, like Gecko) Chrome/145.0.0.0 Safari/537.36" 0.003435
[2m2026-03-02T08:59:08.133405Z[0m [32m INFO[0m [2mactix_web::middleware::logger[0m[2m:[0m 172.31.15.48 "GET /api/market-data/price/XAUUSD HTTP/1.1" 200 130 "https://app.project-bubblegum.shop/" "Mozilla/5.0 (Macintosh; Intel Mac OS X 10_15_7) AppleWebKit/537.36 (KHTML, like Gecko) Chrome/145.0.0.0 Safari/537.36" 0.126344
[2m2026-03-02T08:59:08.151253Z[0m [32m INFO[0m [2mactix_web::middleware::logger[0m[2m:[0m 172.31.15.48 "GET /api/bots/ffa8941c-4135-4ade-91b3-ea8461de8469/cooldown HTTP/1.1" 200 87 "https://app.project-bubblegum.shop/" "Mozilla/5.0 (Macintosh; Intel Mac OS X 10_15_7) AppleWebKit/537.36 (KHTML, like Gecko) Chrome/145.0.0.0 Safari/537.36" 0.018427
[2m2026-03-02T08:59:08.151503Z[0m [32m INFO[0m [2mactix_web::middleware::logger[0m[2m:[0m 172.31.15.48 "GET /api/bots/47f85108-8400-4652-9147-6c9dd838e614/cooldown HTTP/1.1" 200 117 "https://app.project-bubblegum.shop/" "Mozilla/5.0 (Macintosh; Intel Mac OS X 10_15_7) AppleWebKit/537.36 (KHTML, like Gecko) Chrome/145.0.0.0 Safari/537.36" 0.018647
[2m2026-03-02T08:59:08.151689Z[0m [32m INFO[0m [2mactix_web::middleware::logger[0m[2m:[0m 172.31.15.48 "GET /api/bots/44e89400-ca87-41d0-86fe-5efc94cd5fe1/activity?limit=50 HTTP/1.1" 200 20141 "https://app.project-bubblegum.shop/" "Mozilla/5.0 (Macintosh; Intel Mac OS X 10_15_7) AppleWebKit/537.36 (KHTML, like Gecko) Chrome/145.0.0.0 Safari/537.36" 0.016566
[2m2026-03-02T08:59:08.152011Z[0m [32m INFO[0m [2mactix_web::middleware::logger[0m[2m:[0m 172.31.15.48 "GET /api/bots/ba5ffe96-f26b-494f-9136-5e14cbe59286/cooldown HTTP/1.1" 200 87 "https://app.project-bubblegum.shop/" "Mozilla/5.0 (Macintosh; Intel Mac OS X 10_15_7) AppleWebKit/537.36 (KHTML, like Gecko) Chrome/145.0.0.0 Safari/537.36" 0.019249
[2m2026-03-02T08:59:08.152513Z[0m [32m INFO[0m [2mactix_web::middleware::logger[0m[2m:[0m 172.31.15.48 "GET /api/bots/561643a5-3a75-43af-9692-b9d1aa6be857/cooldown HTTP/1.1" 200 87 "https://app.project-bubblegum.shop/" "Mozilla/5.0 (Macintosh; Intel Mac OS X 10_15_7) AppleWebKit/537.36 (KHTML, like Gecko) Chrome/145.0.0.0 Safari/537.36" 0.019574
[2m2026-03-02T08:59:08.152550Z[0m [32m INFO[0m [2mactix_web::middleware::logger[0m[2m:[0m 172.31.15.48 "GET /api/bots/92f12994-d297-4999-93be-3d7194ec8960/cooldown HTTP/1.1" 200 87 "https://app.project-bubblegum.shop/" "Mozilla/5.0 (Macintosh; Intel Mac OS X 10_15_7) AppleWebKit/537.36 (KHTML, like Gecko) Chrome/145.0.0.0 Safari/537.36" 0.019731
[2m2026-03-02T08:59:08.153750Z[0m [32m INFO[0m [2mactix_web::middleware::logger[0m[2m:[0m 172.31.15.48 "GET /api/bots/ed8188c9-8a30-4dbc-8727-30cca56a115c/cooldown HTTP/1.1" 200 117 "https://app.project-bubblegum.shop/" "Mozilla/5.0 (Macintosh; Intel Mac OS X 10_15_7) AppleWebKit/537.36 (KHTML, like Gecko) Chrome/145.0.0.0 Safari/537.36" 0.020780
[2m2026-03-02T08:59:08.154200Z[0m [32m INFO[0m [2mactix_web::middleware::logger[0m[2m:[0m 172.31.15.48 "GET /api/bots/6cd4127e-a716-4eff-81e6-63758a945ddc/cooldown HTTP/1.1" 200 117 "https://app.project-bubblegum.shop/" "Mozilla/5.0 (Macintosh; Intel Mac OS X 10_15_7) AppleWebKit/537.36 (KHTML, like Gecko) Chrome/145.0.0.0 Safari/537.36" 0.021194
[2m2026-03-02T08:59:08.154227Z[0m [32m INFO[0m [2mactix_web::middleware::logger[0m[2m:[0m 172.31.15.48 "GET /api/bots/bdbdf0e3-cb06-4b04-958e-169cf2b4da17/cooldown HTTP/1.1" 200 117 "https://app.project-bubblegum.shop/" "Mozilla/5.0 (Macintosh; Intel Mac OS X 10_15_7) AppleWebKit/537.36 (KHTML, like Gecko) Chrome/145.0.0.0 Safari/537.36" 0.020982
[2m2026-03-02T08:59:08.154839Z[0m [32m INFO[0m [2mactix_web::middleware::logger[0m[2m:[0m 172.31.15.48 "GET /api/bots/398e0499-ae16-42b8-8dac-08a9c49c46c8/cooldown HTTP/1.1" 200 117 "https://app.project-bubblegum.shop/" "Mozilla/5.0 (Macintosh; Intel Mac OS X 10_15_7) AppleWebKit/537.36 (KHTML, like Gecko) Chrome/145.0.0.0 Safari/537.36" 0.021812
[2m2026-03-02T08:59:08.155225Z[0m [32m INFO[0m [2mactix_web::middleware::logger[0m[2m:[0m 172.31.15.48 "GET /api/bots/901c7820-0947-4bb1-944b-ceb344895608/cooldown HTTP/1.1" 200 87 "https://app.project-bubblegum.shop/" "Mozilla/5.0 (Macintosh; Intel Mac OS X 10_15_7) AppleWebKit/537.36 (KHTML, like Gecko) Chrome/145.0.0.0 Safari/537.36" 0.021783
[2m2026-03-02T08:59:08.155272Z[0m [32m INFO[0m [2mactix_web::middleware::logger[0m[2m:[0m 172.31.15.48 "GET /api/bots/ea3f37d8-752f-4866-b8e4-2752dda2aae5/cooldown HTTP/1.1" 200 87 "https://app.project-bubblegum.shop/" "Mozilla/5.0 (Macintosh; Intel Mac OS X 10_15_7) AppleWebKit/537.36 (KHTML, like Gecko) Chrome/145.0.0.0 Safari/537.36" 0.021506
[2m2026-03-02T08:59:08.155767Z[0m [32m INFO[0m [2mactix_web::middleware::logger[0m[2m:[0m 172.31.15.48 "GET /api/bots/b212be3a-375e-4666-be7c-a37ad828ce04/cooldown HTTP/1.1" 200 87 "https://app.project-bubblegum.shop/" "Mozilla/5.0 (Macintosh; Intel Mac OS X 10_15_7) AppleWebKit/537.36 (KHTML, like Gecko) Chrome/145.0.0.0 Safari/537.36" 0.022046
[2m2026-03-02T08:59:08.155809Z[0m [32m INFO[0m [2mactix_web::middleware::logger[0m[2m:[0m 172.31.15.48 "GET /api/bots/812e13d1-d426-4e3a-b72f-19c0e4c3ae77/cooldown HTTP/1.1" 200 117 "https://app.project-bubblegum.shop/" "Mozilla/5.0 (Macintosh; Intel Mac OS X 10_15_7) AppleWebKit/537.36 (KHTML, like Gecko) Chrome/145.0.0.0 Safari/537.36" 0.022551
[2m2026-03-02T08:59:08.156016Z[0m [32m INFO[0m [2mactix_web::middleware::logger[0m[2m:[0m 172.31.15.48 "GET /api/bots/cfe25049-8c86-4e99-bbaa-2db262da7d2b/cooldown HTTP/1.1" 200 117 "https://app.project-bubblegum.shop/" "Mozilla/5.0 (Macintosh; Intel Mac OS X 10_15_7) AppleWebKit/537.36 (KHTML, like Gecko) Chrome/145.0.0.0 Safari/537.36" 0.022751
[2m2026-03-02T08:59:08.156686Z[0m [32m INFO[0m [2mactix_web::middleware::logger[0m[2m:[0m 172.31.15.48 "GET /api/bots/8c1cb90a-e1f8-4067-9de8-6ffa8c8383b6/cooldown HTTP/1.1" 200 87 "https://app.project-bubblegum.shop/" "Mozilla/5.0 (Macintosh; Intel Mac OS X 10_15_7) AppleWebKit/537.36 (KHTML, like Gecko) Chrome/145.0.0.0 Safari/537.36" 0.022156
[2m2026-03-02T08:59:08.156720Z[0m [32m INFO[0m [2mactix_web::middleware::logger[0m[2m:[0m 172.31.15.48 "GET /api/bots/7cd69aad-25ee-4f14-a127-f3e44540cd64/cooldown HTTP/1.1" 200 87 "https://app.project-bubblegum.shop/" "Mozilla/5.0 (Macintosh; Intel Mac OS X 10_15_7) AppleWebKit/537.36 (KHTML, like Gecko) Chrome/145.0.0.0 Safari/537.36" 0.022230
[2m2026-03-02T08:59:08.156841Z[0m [32m INFO[0m [2mactix_web::middleware::logger[0m[2m:[0m 172.31.15.48 "GET /api/bots/66cebb81-86f1-4322-8e14-6cf45c8edb92/cooldown HTTP/1.1" 200 117 "https://app.project-bubblegum.shop/" "Mozilla/5.0 (Macintosh; Intel Mac OS X 10_15_7) AppleWebKit/537.36 (KHTML, like Gecko) Chrome/145.0.0.0 Safari/537.36" 0.021840
[2m2026-03-02T08:59:08.156864Z[0m [32m INFO[0m [2mactix_web::middleware::logger[0m[2m:[0m 172.31.15.48 "GET /api/bots/026e87be-dedc-430c-8422-857094954d78/cooldown HTTP/1.1" 200 117 "https://app.project-bubblegum.shop/" "Mozilla/5.0 (Macintosh; Intel Mac OS X 10_15_7) AppleWebKit/537.36 (KHTML, like Gecko) Chrome/145.0.0.0 Safari/537.36" 0.021891
[2m2026-03-02T08:59:08.156974Z[0m [32m INFO[0m [2mactix_web::middleware::logger[0m[2m:[0m 172.31.15.48 "GET /api/bots/615dd3e1-fc49-49c4-b2d8-26376cbb544e/cooldown HTTP/1.1" 200 87 "https://app.project-bubblegum.shop/" "Mozilla/5.0 (Macintosh; Intel Mac OS X 10_15_7) AppleWebKit/537.36 (KHTML, like Gecko) Chrome/145.0.0.0 Safari/537.36" 0.022423
[2m2026-03-02T08:59:08.157350Z[0m [32m INFO[0m [2mactix_web::middleware::logger[0m[2m:[0m 172.31.15.48 "GET /api/bots/565efa73-a739-4f9c-818c-a4c822fbc77c/cooldown HTTP/1.1" 200 87 "https://app.project-bubblegum.shop/" "Mozilla/5.0 (Macintosh; Intel Mac OS X 10_15_7) AppleWebKit/537.36 (KHTML, like Gecko) Chrome/145.0.0.0 Safari/537.36" 0.022334
[2m2026-03-02T08:59:08.213366Z[0m [33m WARN[0m [2maureum_backend::intelligence::feed[0m[2m:[0m NewsAPI br returned 429 Too Many Requests
[2m2026-03-02T08:59:08.256346Z[0m [32m INFO[0m [2mactix_web::middleware::logger[0m[2m:[0m 172.31.15.48 "GET /api/trading/positions HTTP/1.1" 200 653 "https://app.project-bubblegum.shop/" "Mozilla/5.0 (Macintosh; Intel Mac OS X 10_15_7) AppleWebKit/537.36 (KHTML, like Gecko) Chrome/145.0.0.0 Safari/537.36" 0.121247
[2m2026-03-02T08:59:08.293025Z[0m [32m INFO[0m [2mactix_web::middleware::logger[0m[2m:[0m 172.31.15.48 "GET /api/market-data/price/XAUUSD HTTP/1.1" 200 129 "https://app.project-bubblegum.shop/" "Mozilla/5.0 (Macintosh; Intel Mac OS X 10_15_7) AppleWebKit/537.36 (KHTML, like Gecko) Chrome/145.0.0.0 Safari/537.36" 0.127672
[2m2026-03-02T08:59:08.309713Z[0m [33m WARN[0m [2maureum_backend::intelligence::feed[0m[2m:[0m NewsAPI za returned 429 Too Many Requests
[2m2026-03-02T08:59:08.404937Z[0m [33m WARN[0m [2maureum_backend::intelligence::feed[0m[2m:[0m NewsAPI ru returned 429 Too Many Requests
[2m2026-03-02T08:59:08.422240Z[0m [32m INFO[0m [2mactix_web::middleware::logger[0m[2m:[0m 172.31.15.48 "GET /api/trading/trades/open HTTP/1.1" 200 1887 "https://app.project-bubblegum.shop/" "Mozilla/5.0 (Macintosh; Intel Mac OS X 10_15_7) AppleWebKit/537.36 (KHTML, like Gecko) Chrome/145.0.0.0 Safari/537.36" 0.141401
[2m2026-03-02T08:59:08.456829Z[0m [32m INFO[0m [2mactix_web::middleware::logger[0m[2m:[0m 172.31.15.48 "GET /api/market-data/price/NAS100USD HTTP/1.1" 200 143 "https://app.project-bubblegum.shop/" "Mozilla/5.0 (Macintosh; Intel Mac OS X 10_15_7) AppleWebKit/537.36 (KHTML, like Gecko) Chrome/145.0.0.0 Safari/537.36" 0.136066
[2m2026-03-02T08:59:08.496093Z[0m [33m WARN[0m [2maureum_backend::intelligence::feed[0m[2m:[0m NewsAPI au returned 429 Too Many Requests
[2m2026-03-02T08:59:08.591666Z[0m [33m WARN[0m [2maureum_backend::intelligence::feed[0m[2m:[0m NewsAPI ca returned 429 Too Many Requests
[2m2026-03-02T08:59:08.613273Z[0m [32m INFO[0m [2mactix_web::middleware::logger[0m[2m:[0m 172.31.15.48 "GET /api/market-data/price/USDJPY HTTP/1.1" 200 132 "https://app.project-bubblegum.shop/" "Mozilla/5.0 (Macintosh; Intel Mac OS X 10_15_7) AppleWebKit/537.36 (KHTML, like Gecko) Chrome/145.0.0.0 Safari/537.36" 0.127613
[2m2026-03-02T08:59:08.765810Z[0m [32m INFO[0m [2mactix_web::middleware::logger[0m[2m:[0m 172.31.15.48 "GET /api/market-data/price/EURUSD HTTP/1.1" 200 133 "https://app.project-bubblegum.shop/" "Mozilla/5.0 (Macintosh; Intel Mac OS X 10_15_7) AppleWebKit/537.36 (KHTML, like Gecko) Chrome/145.0.0.0 Safari/537.36" 0.119995
[2m2026-03-02T08:59:08.926717Z[0m [32m INFO[0m [2mactix_web::middleware::logger[0m[2m:[0m 172.31.15.48 "GET /api/market-data/price/BTCUSD HTTP/1.1" 200 115 "https://app.project-bubblegum.shop/" "Mozilla/5.0 (Macintosh; Intel Mac OS X 10_15_7) AppleWebKit/537.36 (KHTML, like Gecko) Chrome/145.0.0.0 Safari/537.36" 0.131649
[2m2026-03-02T08:59:09.023458Z[0m [32m INFO[0m [2mactix_web::middleware::logger[0m[2m:[0m 172.31.15.48 "GET /api/market-data/price/USDJPY HTTP/1.1" 200 132 "https://app.project-bubblegum.shop/" "Mozilla/5.0 (Macintosh; Intel Mac OS X 10_15_7) AppleWebKit/537.36 (KHTML, like Gecko) Chrome/145.0.0.0 Safari/537.36" 0.133006
[2m2026-03-02T08:59:09.024800Z[0m [32m INFO[0m [2mactix_web::middleware::logger[0m[2m:[0m 172.31.15.48 "GET /api/market-data/price/NATGAS_USD HTTP/1.1" 200 128 "https://app.project-bubblegum.shop/" "Mozilla/5.0 (Macintosh; Intel Mac OS X 10_15_7) AppleWebKit/537.36 (KHTML, like Gecko) Chrome/145.0.0.0 Safari/537.36" 0.121897
[2m2026-03-02T08:59:09.039092Z[0m [32m INFO[0m [2mactix_web::middleware::logger[0m[2m:[0m 172.31.15.48 "GET /api/market-data/price/XAUUSD HTTP/1.1" 200 130 "https://app.project-bubblegum.shop/" "Mozilla/5.0 (Macintosh; Intel Mac OS X 10_15_7) AppleWebKit/537.36 (KHTML, like Gecko) Chrome/145.0.0.0 Safari/537.36" 0.148406
[2m2026-03-02T08:59:09.043587Z[0m [32m INFO[0m [2mactix_web::middleware::logger[0m[2m:[0m 172.31.15.48 "GET /api/market-data/price/WTICO_USD HTTP/1.1" 200 130 "https://app.project-bubblegum.shop/" "Mozilla/5.0 (Macintosh; Intel Mac OS X 10_15_7) AppleWebKit/537.36 (KHTML, like Gecko) Chrome/145.0.0.0 Safari/537.36" 0.128973
[2m2026-03-02T08:59:09.048543Z[0m [32m INFO[0m [2mactix_web::middleware::logger[0m[2m:[0m 172.31.15.48 "GET /api/market-data/price/EURUSD HTTP/1.1" 200 133 "https://app.project-bubblegum.shop/" "Mozilla/5.0 (Macintosh; Intel Mac OS X 10_15_7) AppleWebKit/537.36 (KHTML, like Gecko) Chrome/145.0.0.0 Safari/537.36" 0.145671
[2m2026-03-02T08:59:09.084371Z[0m [32m INFO[0m [2mactix_web::middleware::logger[0m[2m:[0m 172.31.15.48 "GET /api/market-data/price/GBPUSD HTTP/1.1" 200 131 "https://app.project-bubblegum.shop/" "Mozilla/5.0 (Macintosh; Intel Mac OS X 10_15_7) AppleWebKit/537.36 (KHTML, like Gecko) Chrome/145.0.0.0 Safari/537.36" 0.129470
[2m2026-03-02T08:59:09.084971Z[0m [32m INFO[0m [2mactix_web::middleware::logger[0m[2m:[0m 172.31.15.48 "GET /api/market-data/price/BTCUSD HTTP/1.1" 200 115 "https://app.project-bubblegum.shop/" "Mozilla/5.0 (Macintosh; Intel Mac OS X 10_15_7) AppleWebKit/537.36 (KHTML, like Gecko) Chrome/145.0.0.0 Safari/537.36" 0.134620
[2m2026-03-02T08:59:09.268202Z[0m [32m INFO[0m [2mactix_web::middleware::logger[0m[2m:[0m 172.31.15.48 "GET /api/market-data/price/NATGASUSD HTTP/1.1" 200 127 "https://app.project-bubblegum.shop/" "Mozilla/5.0 (Macintosh; Intel Mac OS X 10_15_7) AppleWebKit/537.36 (KHTML, like Gecko) Chrome/145.0.0.0 Safari/537.36" 0.156960
[2m2026-03-02T08:59:09.539805Z[0m [32m INFO[0m [2mactix_web::middleware::logger[0m[2m:[0m 172.31.15.48 "GET /api/market-data/price/WTICOUSD HTTP/1.1" 200 129 "https://app.project-bubblegum.shop/" "Mozilla/5.0 (Macintosh; Intel Mac OS X 10_15_7) AppleWebKit/537.36 (KHTML, like Gecko) Chrome/145.0.0.0 Safari/537.36" 0.203803
[2m2026-03-02T08:59:09.880892Z[0m [32m INFO[0m [2mactix_web::middleware::logger[0m[2m:[0m 172.31.15.48 "GET /api/risk/status HTTP/1.1" 200 741 "https://app.project-bubblegum.shop/" "Mozilla/5.0 (Macintosh; Intel Mac OS X 10_15_7) AppleWebKit/537.36 (KHTML, like Gecko) Chrome/145.0.0.0 Safari/537.36" 0.000059
[2m2026-03-02T08:59:09.914755Z[0m [32m INFO[0m [2mactix_web::middleware::logger[0m[2m:[0m 172.31.15.48 "GET /api/bots HTTP/1.1" 200 27387 "https://app.project-bubblegum.shop/" "Mozilla/5.0 (Macintosh; Intel Mac OS X 10_15_7) AppleWebKit/537.36 (KHTML, like Gecko) Chrome/145.0.0.0 Safari/537.36" 0.034351
[2m2026-03-02T08:59:09.984081Z[0m [32m INFO[0m [2mactix_web::middleware::logger[0m[2m:[0m 172.31.15.48 "GET /api/bots/activity/all?limit=20 HTTP/1.1" 200 5652 "https://app.project-bubblegum.shop/" "Mozilla/5.0 (Macintosh; Intel Mac OS X 10_15_7) AppleWebKit/537.36 (KHTML, like Gecko) Chrome/145.0.0.0 Safari/537.36" 0.012667
[2m2026-03-02T08:59:10.101156Z[0m [32m INFO[0m [2mactix_web::middleware::logger[0m[2m:[0m 172.31.15.48 "GET /api/market-data/price/XAUUSD HTTP/1.1" 200 139 "https://app.project-bubblegum.shop/" "Mozilla/5.0 (Macintosh; Intel Mac OS X 10_15_7) AppleWebKit/537.36 (KHTML, like Gecko) Chrome/145.0.0.0 Safari/537.36" 0.129568
[2m2026-03-02T08:59:10.785871Z[0m [32m INFO[0m [2mactix_web::middleware::logger[0m[2m:[0m 172.31.15.48 "GET /api/trading/trades/closed?count=100 HTTP/1.1" 200 24448 "https://app.project-bubblegum.shop/" "Mozilla/5.0 (Macintosh; Intel Mac OS X 10_15_7) AppleWebKit/537.36 (KHTML, like Gecko) Chrome/145.0.0.0 Safari/537.36" 0.215175
[2m2026-03-02T08:59:12.672075Z[0m [32m INFO[0m [2mactix_web::middleware::logger[0m[2m:[0m 172.31.24.194 "GET /api/health HTTP/1.1" 404 0 "-" "ELB-HealthChecker/2.0" 0.000060
[2m2026-03-02T08:59:13.212059Z[0m [32m INFO[0m [2mactix_web::middleware::logger[0m[2m:[0m 172.31.15.48 "GET /api/trading/positions HTTP/1.1" 200 653 "https://app.project-bubblegum.shop/" "Mozilla/5.0 (Macintosh; Intel Mac OS X 10_15_7) AppleWebKit/537.36 (KHTML, like Gecko) Chrome/145.0.0.0 Safari/537.36" 0.116751
[2m2026-03-02T08:59:13.272454Z[0m [32m INFO[0m [2mactix_web::middleware::logger[0m[2m:[0m 172.31.15.48 "GET /api/market-data/price/XAUUSD HTTP/1.1" 200 128 "https://app.project-bubblegum.shop/" "Mozilla/5.0 (Macintosh; Intel Mac OS X 10_15_7) AppleWebKit/537.36 (KHTML, like Gecko) Chrome/145.0.0.0 Safari/537.36" 0.137296
[2m2026-03-02T08:59:13.381155Z[0m [32m INFO[0m [2mactix_web::middleware::logger[0m[2m:[0m 172.31.15.48 "GET /api/trading/trades/open HTTP/1.1" 200 1887 "https://app.project-bubblegum.shop/" "Mozilla/5.0 (Macintosh; Intel Mac OS X 10_15_7) AppleWebKit/537.36 (KHTML, like Gecko) Chrome/145.0.0.0 Safari/537.36" 0.135920
[2m2026-03-02T08:59:13.424216Z[0m [32m INFO[0m [2mactix_web::middleware::logger[0m[2m:[0m 172.31.15.48 "GET /api/market-data/price/NAS100USD HTTP/1.1" 200 117 "https://app.project-bubblegum.shop/" "Mozilla/5.0 (Macintosh; Intel Mac OS X 10_15_7) AppleWebKit/537.36 (KHTML, like Gecko) Chrome/145.0.0.0 Safari/537.36" 0.123909
[2m2026-03-02T08:59:13.605619Z[0m [32m INFO[0m [2mactix_web::middleware::logger[0m[2m:[0m 172.31.15.48 "GET /api/market-data/price/USDJPY HTTP/1.1" 200 142 "https://app.project-bubblegum.shop/" "Mozilla/5.0 (Macintosh; Intel Mac OS X 10_15_7) AppleWebKit/537.36 (KHTML, like Gecko) Chrome/145.0.0.0 Safari/537.36" 0.130962
[2m2026-03-02T08:59:13.773293Z[0m [32m INFO[0m [2mactix_web::middleware::logger[0m[2m:[0m 172.31.15.48 "GET /api/market-data/price/EURUSD HTTP/1.1" 200 133 "https://app.project-bubblegum.shop/" "Mozilla/5.0 (Macintosh; Intel Mac OS X 10_15_7) AppleWebKit/537.36 (KHTML, like Gecko) Chrome/145.0.0.0 Safari/537.36" 0.127661
[2m2026-03-02T08:59:13.946011Z[0m [32m INFO[0m [2mactix_web::middleware::logger[0m[2m:[0m 172.31.15.48 "GET /api/market-data/price/BTCUSD HTTP/1.1" 200 115 "https://app.project-bubblegum.shop/" "Mozilla/5.0 (Macintosh; Intel Mac OS X 10_15_7) AppleWebKit/537.36 (KHTML, like Gecko) Chrome/145.0.0.0 Safari/537.36" 0.140821
[2m2026-03-02T08:59:14.101831Z[0m [32m INFO[0m [2mactix_web::middleware::logger[0m[2m:[0m 172.31.15.48 "GET /api/market-data/price/GBPUSD HTTP/1.1" 200 131 "https://app.project-bubblegum.shop/" "Mozilla/5.0 (Macintosh; Intel Mac OS X 10_15_7) AppleWebKit/537.36 (KHTML, like Gecko) Chrome/145.0.0.0 Safari/537.36" 0.121991
[2m2026-03-02T08:59:14.249043Z[0m [32m INFO[0m [2mactix_web::middleware::logger[0m[2m:[0m 172.31.15.48 "GET /api/market-data/price/NATGASUSD HTTP/1.1" 200 127 "https://app.project-bubblegum.shop/" "Mozilla/5.0 (Macintosh; Intel Mac OS X 10_15_7) AppleWebKit/537.36 (KHTML, like Gecko) Chrome/145.0.0.0 Safari/537.36" 0.118207
[2m2026-03-02T08:59:14.405225Z[0m [32m INFO[0m [2mactix_web::middleware::logger[0m[2m:[0m 172.31.15.48 "GET /api/market-data/price/WTICOUSD HTTP/1.1" 200 129 "https://app.project-bubblegum.shop/" "Mozilla/5.0 (Macintosh; Intel Mac OS X 10_15_7) AppleWebKit/537.36 (KHTML, like Gecko) Chrome/145.0.0.0 Safari/537.36" 0.120093
[2m2026-03-02T08:59:18.012701Z[0m [32m INFO[0m [2mactix_web::middleware::logger[0m[2m:[0m 172.31.15.48 "GET /api/bots/activity/all?limit=100 HTTP/1.1" 200 28106 "https://app.project-bubblegum.shop/" "Mozilla/5.0 (Macintosh; Intel Mac OS X 10_15_7) AppleWebKit/537.36 (KHTML, like Gecko) Chrome/145.0.0.0 Safari/537.36" 0.001563
[2m2026-03-02T08:59:18.036465Z[0m [32m INFO[0m [2mactix_web::middleware::logger[0m[2m:[0m 172.31.15.48 "GET /api/bots HTTP/1.1" 200 27387 "https://app.project-bubblegum.shop/" "Mozilla/5.0 (Macintosh; Intel Mac OS X 10_15_7) AppleWebKit/537.36 (KHTML, like Gecko) Chrome/145.0.0.0 Safari/537.36" 0.026108
[2m2026-03-02T08:59:18.071996Z[0m [32m INFO[0m [2mactix_web::middleware::logger[0m[2m:[0m 172.31.15.48 "GET /api/strategies HTTP/1.1" 200 20866 "https://app.project-bubblegum.shop/" "Mozilla/5.0 (Macintosh; Intel Mac OS X 10_15_7) AppleWebKit/537.36 (KHTML, like Gecko) Chrome/145.0.0.0 Safari/537.36" 0.002032
[2m2026-03-02T08:59:18.109857Z[0m [32m INFO[0m [2mactix_web::middleware::logger[0m[2m:[0m 172.31.15.48 "GET /api/bots/44e89400-ca87-41d0-86fe-5efc94cd5fe1/activity?limit=50 HTTP/1.1" 200 20141 "https://app.project-bubblegum.shop/" "Mozilla/5.0 (Macintosh; Intel Mac OS X 10_15_7) AppleWebKit/537.36 (KHTML, like Gecko) Chrome/145.0.0.0 Safari/537.36" 0.002732
[2m2026-03-02T08:59:18.218920Z[0m [32m INFO[0m [2mactix_web::middleware::logger[0m[2m:[0m 172.31.15.48 "GET /api/trading/positions HTTP/1.1" 200 653 "https://app.project-bubblegum.shop/" "Mozilla/5.0 (Macintosh; Intel Mac OS X 10_15_7) AppleWebKit/537.36 (KHTML, like Gecko) Chrome/145.0.0.0 Safari/537.36" 0.123552
[2m2026-03-02T08:59:18.257743Z[0m [32m INFO[0m [2mactix_web::middleware::logger[0m[2m:[0m 172.31.15.48 "GET /api/market-data/price/XAUUSD HTTP/1.1" 200 139 "https://app.project-bubblegum.shop/" "Mozilla/5.0 (Macintosh; Intel Mac OS X 10_15_7) AppleWebKit/537.36 (KHTML, like Gecko) Chrome/145.0.0.0 Safari/537.36" 0.142236
[2m2026-03-02T08:59:18.368675Z[0m [32m INFO[0m [2mactix_web::middleware::logger[0m[2m:[0m 172.31.15.48 "GET /api/trading/trades/open HTTP/1.1" 200 1887 "https://app.project-bubblegum.shop/" "Mozilla/5.0 (Macintosh; Intel Mac OS X 10_15_7) AppleWebKit/537.36 (KHTML, like Gecko) Chrome/145.0.0.0 Safari/537.36" 0.123122
[2m2026-03-02T08:59:18.933196Z[0m [32m INFO[0m [2mactix_web::middleware::logger[0m[2m:[0m 172.31.15.48 "GET /api/market-data/price/NAS100USD HTTP/1.1" 200 117 "https://app.project-bubblegum.shop/" "Mozilla/5.0 (Macintosh; Intel Mac OS X 10_15_7) AppleWebKit/537.36 (KHTML, like Gecko) Chrome/145.0.0.0 Safari/537.36" 0.648240
[2m2026-03-02T08:59:19.266944Z[0m [32m INFO[0m [2mactix_web::middleware::logger[0m[2m:[0m 172.31.15.48 "GET /api/market-data/price/NATGAS_USD HTTP/1.1" 200 128 "https://app.project-bubblegum.shop/" "Mozilla/5.0 (Macintosh; Intel Mac OS X 10_15_7) AppleWebKit/537.36 (KHTML, like Gecko) Chrome/145.0.0.0 Safari/537.36" 0.122637
[2m2026-03-02T08:59:19.345752Z[0m [32m INFO[0m [2mactix_web::middleware::logger[0m[2m:[0m 172.31.15.48 "GET /api/market-data/price/XAUUSD HTTP/1.1" 200 129 "https://app.project-bubblegum.shop/" "Mozilla/5.0 (Macintosh; Intel Mac OS X 10_15_7) AppleWebKit/537.36 (KHTML, like Gecko) Chrome/145.0.0.0 Safari/537.36" 0.225275
[2m2026-03-02T08:59:19.519295Z[0m [32m INFO[0m [2mactix_web::middleware::logger[0m[2m:[0m 172.31.15.48 "GET /api/market-data/price/USDJPY HTTP/1.1" 200 142 "https://app.project-bubblegum.shop/" "Mozilla/5.0 (Macintosh; Intel Mac OS X 10_15_7) AppleWebKit/537.36 (KHTML, like Gecko) Chrome/145.0.0.0 Safari/537.36" 0.558460
[2m2026-03-02T08:59:19.696138Z[0m [32m INFO[0m [2mactix_web::middleware::logger[0m[2m:[0m 172.31.15.48 "GET /api/market-data/price/USDJPY HTTP/1.1" 200 142 "https://app.project-bubblegum.shop/" "Mozilla/5.0 (Macintosh; Intel Mac OS X 10_15_7) AppleWebKit/537.36 (KHTML, like Gecko) Chrome/145.0.0.0 Safari/537.36" 0.141254
[2m2026-03-02T08:59:19.701740Z[0m [32m INFO[0m [2mactix_web::middleware::logger[0m[2m:[0m 172.31.15.48 "GET /api/market-data/price/BTCUSD HTTP/1.1" 200 115 "https://app.project-bubblegum.shop/" "Mozilla/5.0 (Macintosh; Intel Mac OS X 10_15_7) AppleWebKit/537.36 (KHTML, like Gecko) Chrome/145.0.0.0 Safari/537.36" 0.579852
[2m2026-03-02T08:59:19.757192Z[0m [32m INFO[0m [2mactix_web::middleware::logger[0m[2m:[0m 172.31.15.48 "GET /api/market-data/price/EURUSD HTTP/1.1" 200 143 "https://app.project-bubblegum.shop/" "Mozilla/5.0 (Macintosh; Intel Mac OS X 10_15_7) AppleWebKit/537.36 (KHTML, like Gecko) Chrome/145.0.0.0 Safari/537.36" 0.624667
[2m2026-03-02T08:59:19.758870Z[0m [32m INFO[0m [2mactix_web::middleware::logger[0m[2m:[0m 172.31.15.48 "GET /api/market-data/price/WTICO_USD HTTP/1.1" 200 130 "https://app.project-bubblegum.shop/" "Mozilla/5.0 (Macintosh; Intel Mac OS X 10_15_7) AppleWebKit/537.36 (KHTML, like Gecko) Chrome/145.0.0.0 Safari/537.36" 0.624874
[2m2026-03-02T08:59:19.877009Z[0m [32m INFO[0m [2mactix_web::middleware::logger[0m[2m:[0m 172.31.15.48 "GET /api/risk/status HTTP/1.1" 200 741 "https://app.project-bubblegum.shop/" "Mozilla/5.0 (Macintosh; Intel Mac OS X 10_15_7) AppleWebKit/537.36 (KHTML, like Gecko) Chrome/145.0.0.0 Safari/537.36" 0.000079
[2m2026-03-02T08:59:19.907400Z[0m [32m INFO[0m [2mactix_web::middleware::logger[0m[2m:[0m 172.31.15.48 "GET /api/bots HTTP/1.1" 200 27387 "https://app.project-bubblegum.shop/" "Mozilla/5.0 (Macintosh; Intel Mac OS X 10_15_7) AppleWebKit/537.36 (KHTML, like Gecko) Chrome/145.0.0.0 Safari/537.36" 0.030488
[2m2026-03-02T08:59:19.916561Z[0m [32m INFO[0m [2mactix_web::middleware::logger[0m[2m:[0m 172.31.15.48 "GET /api/market-data/price/EURUSD HTTP/1.1" 200 143 "https://app.project-bubblegum.shop/" "Mozilla/5.0 (Macintosh; Intel Mac OS X 10_15_7) AppleWebKit/537.36 (KHTML, like Gecko) Chrome/145.0.0.0 Safari/537.36" 0.121387
[2m2026-03-02T08:59:20.083808Z[0m [32m INFO[0m [2mactix_web::middleware::logger[0m[2m:[0m 172.31.15.48 "GET /api/market-data/price/BTCUSD HTTP/1.1" 200 115 "https://app.project-bubblegum.shop/" "Mozilla/5.0 (Macintosh; Intel Mac OS X 10_15_7) AppleWebKit/537.36 (KHTML, like Gecko) Chrome/145.0.0.0 Safari/537.36" 0.127839
[2m2026-03-02T08:59:20.093671Z[0m [32m INFO[0m [2mactix_web::middleware::logger[0m[2m:[0m 172.31.15.48 "GET /api/market-data/price/XAUUSD HTTP/1.1" 200 129 "https://app.project-bubblegum.shop/" "Mozilla/5.0 (Macintosh; Intel Mac OS X 10_15_7) AppleWebKit/537.36 (KHTML, like Gecko) Chrome/145.0.0.0 Safari/537.36" 0.122094
[2m2026-03-02T08:59:20.236888Z[0m [32m INFO[0m [2mactix_web::middleware::logger[0m[2m:[0m 172.31.15.48 "GET /api/market-data/price/GBPUSD HTTP/1.1" 200 131 "https://app.project-bubblegum.shop/" "Mozilla/5.0 (Macintosh; Intel Mac OS X 10_15_7) AppleWebKit/537.36 (KHTML, like Gecko) Chrome/145.0.0.0 Safari/537.36" 0.115787
[2m2026-03-02T08:59:20.405898Z[0m [32m INFO[0m [2mactix_web::middleware::logger[0m[2m:[0m 172.31.15.48 "GET /api/market-data/price/NATGASUSD HTTP/1.1" 200 127 "https://app.project-bubblegum.shop/" "Mozilla/5.0 (Macintosh; Intel Mac OS X 10_15_7) AppleWebKit/537.36 (KHTML, like Gecko) Chrome/145.0.0.0 Safari/537.36" 0.129704
[2m2026-03-02T08:59:20.566820Z[0m [32m INFO[0m [2mactix_web::middleware::logger[0m[2m:[0m 172.31.15.48 "GET /api/market-data/price/WTICOUSD HTTP/1.1" 200 129 "https://app.project-bubblegum.shop/" "Mozilla/5.0 (Macintosh; Intel Mac OS X 10_15_7) AppleWebKit/537.36 (KHTML, like Gecko) Chrome/145.0.0.0 Safari/537.36" 0.121757
[2m2026-03-02T08:59:23.217614Z[0m [32m INFO[0m [2mactix_web::middleware::logger[0m[2m:[0m 172.31.15.48 "GET /api/trading/positions HTTP/1.1" 200 653 "https://app.project-bubblegum.shop/" "Mozilla/5.0 (Macintosh; Intel Mac OS X 10_15_7) AppleWebKit/537.36 (KHTML, like Gecko) Chrome/145.0.0.0 Safari/537.36" 0.132455
[2m2026-03-02T08:59:23.287581Z[0m [32m INFO[0m [2mactix_web::middleware::logger[0m[2m:[0m 172.31.15.48 "GET /api/market-data/price/XAUUSD HTTP/1.1" 200 129 "https://app.project-bubblegum.shop/" "Mozilla/5.0 (Macintosh; Intel Mac OS X 10_15_7) AppleWebKit/537.36 (KHTML, like Gecko) Chrome/145.0.0.0 Safari/537.36" 0.167804
[2m2026-03-02T08:59:23.385341Z[0m [32m INFO[0m [2mactix_web::middleware::logger[0m[2m:[0m 172.31.15.48 "GET /api/trading/trades/open HTTP/1.1" 200 1887 "https://app.project-bubblegum.shop/" "Mozilla/5.0 (Macintosh; Intel Mac OS X 10_15_7) AppleWebKit/537.36 (KHTML, like Gecko) Chrome/145.0.0.0 Safari/537.36" 0.137430
[2m2026-03-02T08:59:23.900703Z[0m [32m INFO[0m [2mactix_web::middleware::logger[0m[2m:[0m 172.31.15.48 "GET /api/market-data/price/NAS100USD HTTP/1.1" 200 132 "https://app.project-bubblegum.shop/" "Mozilla/5.0 (Macintosh; Intel Mac OS X 10_15_7) AppleWebKit/537.36 (KHTML, like Gecko) Chrome/145.0.0.0 Safari/537.36" 0.574452
[2m2026-03-02T08:59:24.162753Z[0m [32m INFO[0m [2mactix_web::middleware::logger[0m[2m:[0m 172.31.15.48 "GET /api/market-data/price/USDJPY HTTP/1.1" 200 142 "https://app.project-bubblegum.shop/" "Mozilla/5.0 (Macintosh; Intel Mac OS X 10_15_7) AppleWebKit/537.36 (KHTML, like Gecko) Chrome/145.0.0.0 Safari/537.36" 0.127108
[2m2026-03-02T08:59:24.324183Z[0m [32m INFO[0m [2mactix_web::middleware::logger[0m[2m:[0m 172.31.15.48 "GET /api/market-data/price/EURUSD HTTP/1.1" 200 132 "https://app.project-bubblegum.shop/" "Mozilla/5.0 (Macintosh; Intel Mac OS X 10_15_7) AppleWebKit/537.36 (KHTML, like Gecko) Chrome/145.0.0.0 Safari/537.36" 0.122427
[2m2026-03-02T08:59:24.484070Z[0m [32m INFO[0m [2mactix_web::middleware::logger[0m[2m:[0m 172.31.15.48 "GET /api/market-data/price/BTCUSD HTTP/1.1" 200 115 "https://app.project-bubblegum.shop/" "Mozilla/5.0 (Macintosh; Intel Mac OS X 10_15_7) AppleWebKit/537.36 (KHTML, like Gecko) Chrome/145.0.0.0 Safari/537.36" 0.123706
[2m2026-03-02T08:59:24.651803Z[0m [32m INFO[0m [2mactix_web::middleware::logger[0m[2m:[0m 172.31.15.48 "GET /api/market-data/price/GBPUSD HTTP/1.1" 200 133 "https://app.project-bubblegum.shop/" "Mozilla/5.0 (Macintosh; Intel Mac OS X 10_15_7) AppleWebKit/537.36 (KHTML, like Gecko) Chrome/145.0.0.0 Safari/537.36" 0.123986
[2m2026-03-02T08:59:24.820423Z[0m [32m INFO[0m [2mactix_web::middleware::logger[0m[2m:[0m 172.31.15.48 "GET /api/market-data/price/NATGASUSD HTTP/1.1" 200 129 "https://app.project-bubblegum.shop/" "Mozilla/5.0 (Macintosh; Intel Mac OS X 10_15_7) AppleWebKit/537.36 (KHTML, like Gecko) Chrome/145.0.0.0 Safari/537.36" 0.140035
[2m2026-03-02T08:59:24.967294Z[0m [32m INFO[0m [2mactix_web::middleware::logger[0m[2m:[0m 172.31.15.48 "GET /api/bots/activity/all?limit=20 HTTP/1.1" 200 5652 "https://app.project-bubblegum.shop/" "Mozilla/5.0 (Macintosh; Intel Mac OS X 10_15_7) AppleWebKit/537.36 (KHTML, like Gecko) Chrome/145.0.0.0 Safari/537.36" 0.001502
[2m2026-03-02T08:59:24.969916Z[0m [32m INFO[0m [2mactix_web::middleware::logger[0m[2m:[0m 172.31.15.48 "GET /api/market-data/price/WTICOUSD HTTP/1.1" 200 140 "https://app.project-bubblegum.shop/" "Mozilla/5.0 (Macintosh; Intel Mac OS X 10_15_7) AppleWebKit/537.36 (KHTML, like Gecko) Chrome/145.0.0.0 Safari/537.36" 0.124170
[2m2026-03-02T08:59:27.971823Z[0m [32m INFO[0m [2mactix_web::middleware::logger[0m[2m:[0m 172.31.15.48 "GET /api/health HTTP/1.1" 404 0 "-" "ELB-HealthChecker/2.0" 0.000056
[2m2026-03-02T08:59:28.022157Z[0m [32m INFO[0m [2mactix_web::middleware::logger[0m[2m:[0m 172.31.15.48 "GET /api/bots/activity/all?limit=100 HTTP/1.1" 200 28106 "https://app.project-bubblegum.shop/" "Mozilla/5.0 (Macintosh; Intel Mac OS X 10_15_7) AppleWebKit/537.36 (KHTML, like Gecko) Chrome/145.0.0.0 Safari/537.36" 0.001460
[2m2026-03-02T08:59:28.046354Z[0m [32m INFO[0m [2mactix_web::middleware::logger[0m[2m:[0m 172.31.15.48 "GET /api/bots HTTP/1.1" 200 27387 "https://app.project-bubblegum.shop/" "Mozilla/5.0 (Macintosh; Intel Mac OS X 10_15_7) AppleWebKit/537.36 (KHTML, like Gecko) Chrome/145.0.0.0 Safari/537.36" 0.025973
[2m2026-03-02T08:59:28.098296Z[0m [32m INFO[0m [2mactix_web::middleware::logger[0m[2m:[0m 172.31.15.48 "GET /api/strategies HTTP/1.1" 200 20866 "https://app.project-bubblegum.shop/" "Mozilla/5.0 (Macintosh; Intel Mac OS X 10_15_7) AppleWebKit/537.36 (KHTML, like Gecko) Chrome/145.0.0.0 Safari/537.36" 0.012157
[2m2026-03-02T08:59:28.105241Z[0m [32m INFO[0m [2mactix_web::middleware::logger[0m[2m:[0m 172.31.15.48 "GET /api/bots/44e89400-ca87-41d0-86fe-5efc94cd5fe1/activity?limit=50 HTTP/1.1" 200 19494 "https://app.project-bubblegum.shop/" "Mozilla/5.0 (Macintosh; Intel Mac OS X 10_15_7) AppleWebKit/537.36 (KHTML, like Gecko) Chrome/145.0.0.0 Safari/537.36" 0.004807
[2m2026-03-02T08:59:28.217441Z[0m [32m INFO[0m [2mactix_web::middleware::logger[0m[2m:[0m 172.31.15.48 "GET /api/trading/positions HTTP/1.1" 200 653 "https://app.project-bubblegum.shop/" "Mozilla/5.0 (Macintosh; Intel Mac OS X 10_15_7) AppleWebKit/537.36 (KHTML, like Gecko) Chrome/145.0.0.0 Safari/537.36" 0.131159
[2m2026-03-02T08:59:28.237767Z[0m [32m INFO[0m [2mactix_web::middleware::logger[0m[2m:[0m 172.31.15.48 "GET /api/market-data/price/XAUUSD HTTP/1.1" 200 129 "https://app.project-bubblegum.shop/" "Mozilla/5.0 (Macintosh; Intel Mac OS X 10_15_7) AppleWebKit/537.36 (KHTML, like Gecko) Chrome/145.0.0.0 Safari/537.36" 0.117384
[2m2026-03-02T08:59:28.375575Z[0m [32m INFO[0m [2mactix_web::middleware::logger[0m[2m:[0m 172.31.15.48 "GET /api/trading/trades/open HTTP/1.1" 200 1887 "https://app.project-bubblegum.shop/" "Mozilla/5.0 (Macintosh; Intel Mac OS X 10_15_7) AppleWebKit/537.36 (KHTML, like Gecko) Chrome/145.0.0.0 Safari/537.36" 0.130371
[2m2026-03-02T08:59:28.407567Z[0m [32m INFO[0m [2mactix_web::middleware::logger[0m[2m:[0m 172.31.15.48 "GET /api/market-data/price/XAUUSD HTTP/1.1" 200 128 "https://app.project-bubblegum.shop/" "Mozilla/5.0 (Macintosh; Intel Mac OS X 10_15_7) AppleWebKit/537.36 (KHTML, like Gecko) Chrome/145.0.0.0 Safari/537.36" 0.121513
[2m2026-03-02T08:59:28.416144Z[0m [32m INFO[0m [2mactix_web::middleware::logger[0m[2m:[0m 172.31.15.48 "GET /api/market-data/price/NAS100USD HTTP/1.1" 200 117 "https://app.project-bubblegum.shop/" "Mozilla/5.0 (Macintosh; Intel Mac OS X 10_15_7) AppleWebKit/537.36 (KHTML, like Gecko) Chrome/145.0.0.0 Safari/537.36" 0.141273
[2m2026-03-02T08:59:28.579915Z[0m [32m INFO[0m [2mactix_web::middleware::logger[0m[2m:[0m 172.31.15.48 "GET /api/market-data/price/NAS100USD HTTP/1.1" 200 132 "https://app.project-bubblegum.shop/" "Mozilla/5.0 (Macintosh; Intel Mac OS X 10_15_7) AppleWebKit/537.36 (KHTML, like Gecko) Chrome/145.0.0.0 Safari/537.36" 0.132548
[2m2026-03-02T08:59:28.592473Z[0m [32m INFO[0m [2mactix_web::middleware::logger[0m[2m:[0m 172.31.15.48 "GET /api/market-data/price/USDJPY HTTP/1.1" 200 131 "https://app.project-bubblegum.shop/" "Mozilla/5.0 (Macintosh; Intel Mac OS X 10_15_7) AppleWebKit/537.36 (KHTML, like Gecko) Chrome/145.0.0.0 Safari/537.36" 0.133494
[2m2026-03-02T08:59:28.755126Z[0m [32m INFO[0m [2mactix_web::middleware::logger[0m[2m:[0m 172.31.15.48 "GET /api/market-data/price/USDJPY HTTP/1.1" 200 131 "https://app.project-bubblegum.shop/" "Mozilla/5.0 (Macintosh; Intel Mac OS X 10_15_7) AppleWebKit/537.36 (KHTML, like Gecko) Chrome/145.0.0.0 Safari/537.36" 0.128225
[2m2026-03-02T08:59:28.761970Z[0m [32m INFO[0m [2mactix_web::middleware::logger[0m[2m:[0m 172.31.15.48 "GET /api/market-data/price/EURUSD HTTP/1.1" 200 134 "https://app.project-bubblegum.shop/" "Mozilla/5.0 (Macintosh; Intel Mac OS X 10_15_7) AppleWebKit/537.36 (KHTML, like Gecko) Chrome/145.0.0.0 Safari/537.36" 0.123310
[2m2026-03-02T08:59:28.917445Z[0m [32m INFO[0m [2mactix_web::middleware::logger[0m[2m:[0m 172.31.15.48 "GET /api/market-data/price/BTCUSD HTTP/1.1" 200 115 "https://app.project-bubblegum.shop/" "Mozilla/5.0 (Macintosh; Intel Mac OS X 10_15_7) AppleWebKit/537.36 (KHTML, like Gecko) Chrome/145.0.0.0 Safari/537.36" 0.120694
[2m2026-03-02T08:59:28.925820Z[0m [32m INFO[0m [2mactix_web::middleware::logger[0m[2m:[0m 172.31.15.48 "GET /api/market-data/price/EURUSD HTTP/1.1" 200 134 "https://app.project-bubblegum.shop/" "Mozilla/5.0 (Macintosh; Intel Mac OS X 10_15_7) AppleWebKit/537.36 (KHTML, like Gecko) Chrome/145.0.0.0 Safari/537.36" 0.140427
[2m2026-03-02T08:59:29.075598Z[0m [32m INFO[0m [2mactix_web::middleware::logger[0m[2m:[0m 172.31.15.48 "GET /api/market-data/price/BTCUSD HTTP/1.1" 200 115 "https://app.project-bubblegum.shop/" "Mozilla/5.0 (Macintosh; Intel Mac OS X 10_15_7) AppleWebKit/537.36 (KHTML, like Gecko) Chrome/145.0.0.0 Safari/537.36" 0.118429
[2m2026-03-02T08:59:29.087880Z[0m [32m INFO[0m [2mactix_web::middleware::logger[0m[2m:[0m 172.31.15.48 "GET /api/market-data/price/GBPUSD HTTP/1.1" 200 129 "https://app.project-bubblegum.shop/" "Mozilla/5.0 (Macintosh; Intel Mac OS X 10_15_7) AppleWebKit/537.36 (KHTML, like Gecko) Chrome/145.0.0.0 Safari/537.36" 0.142139
[2m2026-03-02T08:59:29.246768Z[0m [32m INFO[0m [2mactix_web::middleware::logger[0m[2m:[0m 172.31.15.48 "GET /api/market-data/price/GBPUSD HTTP/1.1" 200 129 "https://app.project-bubblegum.shop/" "Mozilla/5.0 (Macintosh; Intel Mac OS X 10_15_7) AppleWebKit/537.36 (KHTML, like Gecko) Chrome/145.0.0.0 Safari/537.36" 0.131092
[2m2026-03-02T08:59:29.252287Z[0m [32m INFO[0m [2mactix_web::middleware::logger[0m[2m:[0m 172.31.15.48 "GET /api/market-data/price/NATGASUSD HTTP/1.1" 200 129 "https://app.project-bubblegum.shop/" "Mozilla/5.0 (Macintosh; Intel Mac OS X 10_15_7) AppleWebKit/537.36 (KHTML, like Gecko) Chrome/145.0.0.0 Safari/537.36" 0.124336
[2m2026-03-02T08:59:29.406133Z[0m [32m INFO[0m [2mactix_web::middleware::logger[0m[2m:[0m 172.31.15.48 "GET /api/market-data/price/NATGASUSD HTTP/1.1" 200 129 "https://app.project-bubblegum.shop/" "Mozilla/5.0 (Macintosh; Intel Mac OS X 10_15_7) AppleWebKit/537.36 (KHTML, like Gecko) Chrome/145.0.0.0 Safari/537.36" 0.130723
[2m2026-03-02T08:59:29.412094Z[0m [32m INFO[0m [2mactix_web::middleware::logger[0m[2m:[0m 172.31.15.48 "GET /api/market-data/price/WTICOUSD HTTP/1.1" 200 140 "https://app.project-bubblegum.shop/" "Mozilla/5.0 (Macintosh; Intel Mac OS X 10_15_7) AppleWebKit/537.36 (KHTML, like Gecko) Chrome/145.0.0.0 Safari/537.36" 0.124526
[2m2026-03-02T08:59:29.558473Z[0m [32m INFO[0m [2mactix_web::middleware::logger[0m[2m:[0m 172.31.15.48 "GET /api/market-data/price/WTICOUSD HTTP/1.1" 200 140 "https://app.project-bubblegum.shop/" "Mozilla/5.0 (Macintosh; Intel Mac OS X 10_15_7) AppleWebKit/537.36 (KHTML, like Gecko) Chrome/145.0.0.0 Safari/537.36" 0.117512
[2m2026-03-02T08:59:29.876137Z[0m [32m INFO[0m [2mactix_web::middleware::logger[0m[2m:[0m 172.31.15.48 "GET /api/risk/status HTTP/1.1" 200 741 "https://app.project-bubblegum.shop/" "Mozilla/5.0 (Macintosh; Intel Mac OS X 10_15_7) AppleWebKit/537.36 (KHTML, like Gecko) Chrome/145.0.0.0 Safari/537.36" 0.000099
[2m2026-03-02T08:59:29.887354Z[0m [32m INFO[0m [2maureum_backend::macro_sentiment::polymarket[0m[2m:[0m Fetching fresh Polymarket markets (limit=500)
[2m2026-03-02T08:59:29.910463Z[0m [32m INFO[0m [2mactix_web::middleware::logger[0m[2m:[0m 172.31.15.48 "GET /api/bots HTTP/1.1" 200 27387 "https://app.project-bubblegum.shop/" "Mozilla/5.0 (Macintosh; Intel Mac OS X 10_15_7) AppleWebKit/537.36 (KHTML, like Gecko) Chrome/145.0.0.0 Safari/537.36" 0.034531
[2m2026-03-02T08:59:29.928531Z[0m [32m INFO[0m [2mactix_web::middleware::logger[0m[2m:[0m 172.31.15.48 "GET /api/market-data/price/NATGAS_USD HTTP/1.1" 200 130 "https://app.project-bubblegum.shop/" "Mozilla/5.0 (Macintosh; Intel Mac OS X 10_15_7) AppleWebKit/537.36 (KHTML, like Gecko) Chrome/145.0.0.0 Safari/537.36" 0.119853
[2m2026-03-02T08:59:29.933284Z[0m [32m INFO[0m [2mactix_web::middleware::logger[0m[2m:[0m 172.31.15.48 "GET /api/market-data/price/USDJPY HTTP/1.1" 200 131 "https://app.project-bubblegum.shop/" "Mozilla/5.0 (Macintosh; Intel Mac OS X 10_15_7) AppleWebKit/537.36 (KHTML, like Gecko) Chrome/145.0.0.0 Safari/537.36" 0.137102
[2m2026-03-02T08:59:29.950155Z[0m [32m INFO[0m [2mactix_web::middleware::logger[0m[2m:[0m 172.31.15.48 "GET /api/market-data/price/EURUSD HTTP/1.1" 200 134 "https://app.project-bubblegum.shop/" "Mozilla/5.0 (Macintosh; Intel Mac OS X 10_15_7) AppleWebKit/537.36 (KHTML, like Gecko) Chrome/145.0.0.0 Safari/537.36" 0.129130
[2m2026-03-02T08:59:29.955942Z[0m [32m INFO[0m [2mactix_web::middleware::logger[0m[2m:[0m 172.31.15.48 "GET /api/market-data/price/WTICO_USD HTTP/1.1" 200 141 "https://app.project-bubblegum.shop/" "Mozilla/5.0 (Macintosh; Intel Mac OS X 10_15_7) AppleWebKit/537.36 (KHTML, like Gecko) Chrome/145.0.0.0 Safari/537.36" 0.123352
[2m2026-03-02T08:59:29.956983Z[0m [32m INFO[0m [2mactix_web::middleware::logger[0m[2m:[0m 172.31.15.48 "GET /api/market-data/price/BTCUSD HTTP/1.1" 200 115 "https://app.project-bubblegum.shop/" "Mozilla/5.0 (Macintosh; Intel Mac OS X 10_15_7) AppleWebKit/537.36 (KHTML, like Gecko) Chrome/145.0.0.0 Safari/537.36" 0.148829
[2m2026-03-02T08:59:29.959693Z[0m [32m INFO[0m [2maureum_backend::macro_sentiment::polymarket[0m[2m:[0m Fetched 500 total markets from Polymarket
[2m2026-03-02T08:59:29.972574Z[0m [32m INFO[0m [2mactix_web::middleware::logger[0m[2m:[0m 172.31.15.48 "GET /api/market-data/price/XAUUSD HTTP/1.1" 200 129 "https://app.project-bubblegum.shop/" "Mozilla/5.0 (Macintosh; Intel Mac OS X 10_15_7) AppleWebKit/537.36 (KHTML, like Gecko) Chrome/145.0.0.0 Safari/537.36" 0.176951
[2m2026-03-02T08:59:30.086507Z[0m [33m WARN[0m [2maureum_backend::risk::correlation[0m[2m:[0m Strategy correlation detected: 24105ded-681c-43af-ba3c-e3ad7ed7e09c <-> 24bc2dde-c63e-4f70-8082-e3006bf983cb = 0.738
[2m2026-03-02T08:59:30.088505Z[0m [33m WARN[0m [2maureum_backend::bot::runner[0m[2m:[0m Strategy 24105ded-681c-43af-ba3c-e3ad7ed7e09c blocked due to correlation
[2m2026-03-02T08:59:30.120357Z[0m [32m INFO[0m [2mactix_web::middleware::logger[0m[2m:[0m 172.31.15.48 "GET /api/market-data/price/XAUUSD HTTP/1.1" 200 129 "https://app.project-bubblegum.shop/" "Mozilla/5.0 (Macintosh; Intel Mac OS X 10_15_7) AppleWebKit/537.36 (KHTML, like Gecko) Chrome/145.0.0.0 Safari/537.36" 0.120608
[2m2026-03-02T08:59:33.246311Z[0m [32m INFO[0m [2mactix_web::middleware::logger[0m[2m:[0m 172.31.15.48 "GET /api/trading/positions HTTP/1.1" 200 654 "https://app.project-bubblegum.shop/" "Mozilla/5.0 (Macintosh; Intel Mac OS X 10_15_7) AppleWebKit/537.36 (KHTML, like Gecko) Chrome/145.0.0.0 Safari/537.36" 0.120615
[2m2026-03-02T08:59:33.279509Z[0m [32m INFO[0m [2mactix_web::middleware::logger[0m[2m:[0m 172.31.15.48 "GET /api/market-data/price/XAUUSD HTTP/1.1" 200 116 "https://app.project-bubblegum.shop/" "Mozilla/5.0 (Macintosh; Intel Mac OS X 10_15_7) AppleWebKit/537.36 (KHTML, like Gecko) Chrome/145.0.0.0 Safari/537.36" 0.123651
[2m2026-03-02T08:59:33.426059Z[0m [32m INFO[0m [2mactix_web::middleware::logger[0m[2m:[0m 172.31.15.48 "GET /api/trading/trades/open HTTP/1.1" 200 1886 "https://app.project-bubblegum.shop/" "Mozilla/5.0 (Macintosh; Intel Mac OS X 10_15_7) AppleWebKit/537.36 (KHTML, like Gecko) Chrome/145.0.0.0 Safari/537.36" 0.140371
[2m2026-03-02T08:59:33.447389Z[0m [32m INFO[0m [2mactix_web::middleware::logger[0m[2m:[0m 172.31.15.48 "GET /api/market-data/price/NAS100USD HTTP/1.1" 200 143 "https://app.project-bubblegum.shop/" "Mozilla/5.0 (Macintosh; Intel Mac OS X 10_15_7) AppleWebKit/537.36 (KHTML, like Gecko) Chrome/145.0.0.0 Safari/537.36" 0.132242
[2m2026-03-02T08:59:33.614094Z[0m [32m INFO[0m [2mactix_web::middleware::logger[0m[2m:[0m 172.31.15.48 "GET /api/market-data/price/USDJPY HTTP/1.1" 200 132 "https://app.project-bubblegum.shop/" "Mozilla/5.0 (Macintosh; Intel Mac OS X 10_15_7) AppleWebKit/537.36 (KHTML, like Gecko) Chrome/145.0.0.0 Safari/537.36" 0.123110
[2m2026-03-02T08:59:33.760982Z[0m [32m INFO[0m [2mactix_web::middleware::logger[0m[2m:[0m 172.31.15.48 "GET /api/market-data/price/EURUSD HTTP/1.1" 200 133 "https://app.project-bubblegum.shop/" "Mozilla/5.0 (Macintosh; Intel Mac OS X 10_15_7) AppleWebKit/537.36 (KHTML, like Gecko) Chrome/145.0.0.0 Safari/537.36" 0.115526
[2m2026-03-02T08:59:33.917586Z[0m [32m INFO[0m [2mactix_web::middleware::logger[0m[2m:[0m 172.31.15.48 "GET /api/market-data/price/BTCUSD HTTP/1.1" 200 115 "https://app.project-bubblegum.shop/" "Mozilla/5.0 (Macintosh; Intel Mac OS X 10_15_7) AppleWebKit/537.36 (KHTML, like Gecko) Chrome/145.0.0.0 Safari/537.36" 0.121632
[2m2026-03-02T08:59:34.073825Z[0m [32m INFO[0m [2mactix_web::middleware::logger[0m[2m:[0m 172.31.15.48 "GET /api/market-data/price/GBPUSD HTTP/1.1" 200 134 "https://app.project-bubblegum.shop/" "Mozilla/5.0 (Macintosh; Intel Mac OS X 10_15_7) AppleWebKit/537.36 (KHTML, like Gecko) Chrome/145.0.0.0 Safari/537.36" 0.118245
[2m2026-03-02T08:59:34.252560Z[0m [32m INFO[0m [2mactix_web::middleware::logger[0m[2m:[0m 172.31.15.48 "GET /api/market-data/price/NATGASUSD HTTP/1.1" 200 129 "https://app.project-bubblegum.shop/" "Mozilla/5.0 (Macintosh; Intel Mac OS X 10_15_7) AppleWebKit/537.36 (KHTML, like Gecko) Chrome/145.0.0.0 Safari/537.36" 0.136830
[2m2026-03-02T08:59:34.414153Z[0m [32m INFO[0m [2mactix_web::middleware::logger[0m[2m:[0m 172.31.15.48 "GET /api/market-data/price/WTICOUSD HTTP/1.1" 200 140 "https://app.project-bubblegum.shop/" "Mozilla/5.0 (Macintosh; Intel Mac OS X 10_15_7) AppleWebKit/537.36 (KHTML, like Gecko) Chrome/145.0.0.0 Safari/537.36" 0.123172
[2m2026-03-02T08:59:38.013004Z[0m [32m INFO[0m [2mactix_web::middleware::logger[0m[2m:[0m 172.31.15.48 "GET /api/bots/activity/all?limit=100 HTTP/1.1" 200 38865 "https://app.project-bubblegum.shop/" "Mozilla/5.0 (Macintosh; Intel Mac OS X 10_15_7) AppleWebKit/537.36 (KHTML, like Gecko) Chrome/145.0.0.0 Safari/537.36" 0.002189
[2m2026-03-02T08:59:38.038079Z[0m [32m INFO[0m [2mactix_web::middleware::logger[0m[2m:[0m 172.31.15.48 "GET /api/bots HTTP/1.1" 200 27387 "https://app.project-bubblegum.shop/" "Mozilla/5.0 (Macintosh; Intel Mac OS X 10_15_7) AppleWebKit/537.36 (KHTML, like Gecko) Chrome/145.0.0.0 Safari/537.36" 0.027570
[2m2026-03-02T08:59:38.091431Z[0m [32m INFO[0m [2mactix_web::middleware::logger[0m[2m:[0m 172.31.15.48 "GET /api/strategies HTTP/1.1" 200 20866 "https://app.project-bubblegum.shop/" "Mozilla/5.0 (Macintosh; Intel Mac OS X 10_15_7) AppleWebKit/537.36 (KHTML, like Gecko) Chrome/145.0.0.0 Safari/537.36" 0.001386
[2m2026-03-02T08:59:38.130515Z[0m [32m INFO[0m [2mactix_web::middleware::logger[0m[2m:[0m 172.31.15.48 "GET /api/bots/44e89400-ca87-41d0-86fe-5efc94cd5fe1/activity?limit=50 HTTP/1.1" 200 19808 "https://app.project-bubblegum.shop/" "Mozilla/5.0 (Macintosh; Intel Mac OS X 10_15_7) AppleWebKit/537.36 (KHTML, like Gecko) Chrome/145.0.0.0 Safari/537.36" 0.003072
[2m2026-03-02T08:59:38.234615Z[0m [32m INFO[0m [2mactix_web::middleware::logger[0m[2m:[0m 172.31.15.48 "GET /api/trading/positions HTTP/1.1" 200 653 "https://app.project-bubblegum.shop/" "Mozilla/5.0 (Macintosh; Intel Mac OS X 10_15_7) AppleWebKit/537.36 (KHTML, like Gecko) Chrome/145.0.0.0 Safari/537.36" 0.118693
[2m2026-03-02T08:59:38.255606Z[0m [32m INFO[0m [2mactix_web::middleware::logger[0m[2m:[0m 172.31.15.48 "GET /api/market-data/price/XAUUSD HTTP/1.1" 200 129 "https://app.project-bubblegum.shop/" "Mozilla/5.0 (Macintosh; Intel Mac OS X 10_15_7) AppleWebKit/537.36 (KHTML, like Gecko) Chrome/145.0.0.0 Safari/537.36" 0.120017
[2m2026-03-02T08:59:38.394502Z[0m [32m INFO[0m [2mactix_web::middleware::logger[0m[2m:[0m 172.31.15.48 "GET /api/trading/trades/open HTTP/1.1" 200 1887 "https://app.project-bubblegum.shop/" "Mozilla/5.0 (Macintosh; Intel Mac OS X 10_15_7) AppleWebKit/537.36 (KHTML, like Gecko) Chrome/145.0.0.0 Safari/537.36" 0.134425
[2m2026-03-02T08:59:38.414975Z[0m [32m INFO[0m [2mactix_web::middleware::logger[0m[2m:[0m 172.31.15.48 "GET /api/market-data/price/NAS100USD HTTP/1.1" 200 117 "https://app.project-bubblegum.shop/" "Mozilla/5.0 (Macintosh; Intel Mac OS X 10_15_7) AppleWebKit/537.36 (KHTML, like Gecko) Chrome/145.0.0.0 Safari/537.36" 0.132590
[2m2026-03-02T08:59:38.560227Z[0m [32m INFO[0m [2mactix_web::middleware::logger[0m[2m:[0m 172.31.15.48 "GET /api/market-data/price/USDJPY HTTP/1.1" 200 131 "https://app.project-bubblegum.shop/" "Mozilla/5.0 (Macintosh; Intel Mac OS X 10_15_7) AppleWebKit/537.36 (KHTML, like Gecko) Chrome/145.0.0.0 Safari/537.36" 0.114609
[2m2026-03-02T08:59:38.715623Z[0m [32m INFO[0m [2mactix_web::middleware::logger[0m[2m:[0m 172.31.15.48 "GET /api/market-data/price/EURUSD HTTP/1.1" 200 144 "https://app.project-bubblegum.shop/" "Mozilla/5.0 (Macintosh; Intel Mac OS X 10_15_7) AppleWebKit/537.36 (KHTML, like Gecko) Chrome/145.0.0.0 Safari/537.36" 0.119861
[2m2026-03-02T08:59:38.888989Z[0m [32m INFO[0m [2mactix_web::middleware::logger[0m[2m:[0m 172.31.15.48 "GET /api/market-data/price/BTCUSD HTTP/1.1" 200 115 "https://app.project-bubblegum.shop/" "Mozilla/5.0 (Macintosh; Intel Mac OS X 10_15_7) AppleWebKit/537.36 (KHTML, like Gecko) Chrome/145.0.0.0 Safari/537.36" 0.133760
[2m2026-03-02T08:59:39.060031Z[0m [32m INFO[0m [2mactix_web::middleware::logger[0m[2m:[0m 172.31.15.48 "GET /api/market-data/price/GBPUSD HTTP/1.1" 200 133 "https://app.project-bubblegum.shop/" "Mozilla/5.0 (Macintosh; Intel Mac OS X 10_15_7) AppleWebKit/537.36 (KHTML, like Gecko) Chrome/145.0.0.0 Safari/537.36" 0.133799
[2m2026-03-02T08:59:39.221326Z[0m [32m INFO[0m [2mactix_web::middleware::logger[0m[2m:[0m 172.31.15.48 "GET /api/market-data/price/NATGASUSD HTTP/1.1" 200 129 "https://app.project-bubblegum.shop/" "Mozilla/5.0 (Macintosh; Intel Mac OS X 10_15_7) AppleWebKit/537.36 (KHTML, like Gecko) Chrome/145.0.0.0 Safari/537.36" 0.130538
[2m2026-03-02T08:59:39.372825Z[0m [32m INFO[0m [2mactix_web::middleware::logger[0m[2m:[0m 172.31.15.48 "GET /api/market-data/price/WTICOUSD HTTP/1.1" 200 129 "https://app.project-bubblegum.shop/" "Mozilla/5.0 (Macintosh; Intel Mac OS X 10_15_7) AppleWebKit/537.36 (KHTML, like Gecko) Chrome/145.0.0.0 Safari/537.36" 0.121964
[2m2026-03-02T08:59:39.886133Z[0m [32m INFO[0m [2mactix_web::middleware::logger[0m[2m:[0m 172.31.15.48 "GET /api/risk/status HTTP/1.1" 200 741 "https://app.project-bubblegum.shop/" "Mozilla/5.0 (Macintosh; Intel Mac OS X 10_15_7) AppleWebKit/537.36 (KHTML, like Gecko) Chrome/145.0.0.0 Safari/537.36" 0.000055
[2m2026-03-02T08:59:39.913933Z[0m [32m INFO[0m [2mactix_web::middleware::logger[0m[2m:[0m 172.31.15.48 "GET /api/bots HTTP/1.1" 200 27387 "https://app.project-bubblegum.shop/" "Mozilla/5.0 (Macintosh; Intel Mac OS X 10_15_7) AppleWebKit/537.36 (KHTML, like Gecko) Chrome/145.0.0.0 Safari/537.36" 0.027959
[2m2026-03-02T08:59:39.987991Z[0m [32m INFO[0m [2mactix_web::middleware::logger[0m[2m:[0m 172.31.15.48 "GET /api/bots/activity/all?limit=20 HTTP/1.1" 200 5652 "https://app.project-bubblegum.shop/" "Mozilla/5.0 (Macintosh; Intel Mac OS X 10_15_7) AppleWebKit/537.36 (KHTML, like Gecko) Chrome/145.0.0.0 Safari/537.36" 0.012500
[2m2026-03-02T08:59:40.122039Z[0m [32m INFO[0m [2mactix_web::middleware::logger[0m[2m:[0m 172.31.15.48 "GET /api/market-data/price/XAUUSD HTTP/1.1" 200 130 "https://app.project-bubblegum.shop/" "Mozilla/5.0 (Macintosh; Intel Mac OS X 10_15_7) AppleWebKit/537.36 (KHTML, like Gecko) Chrome/145.0.0.0 Safari/537.36" 0.146388
[2m2026-03-02T08:59:40.143157Z[0m [32m INFO[0m [2mactix_web::middleware::logger[0m[2m:[0m 172.31.15.48 "GET /api/market-data/price/USDJPY HTTP/1.1" 200 131 "https://app.project-bubblegum.shop/" "Mozilla/5.0 (Macintosh; Intel Mac OS X 10_15_7) AppleWebKit/537.36 (KHTML, like Gecko) Chrome/145.0.0.0 Safari/537.36" 0.135902
[2m2026-03-02T08:59:40.145393Z[0m [32m INFO[0m [2mactix_web::middleware::logger[0m[2m:[0m 172.31.15.48 "GET /api/market-data/price/NATGAS_USD HTTP/1.1" 200 130 "https://app.project-bubblegum.shop/" "Mozilla/5.0 (Macintosh; Intel Mac OS X 10_15_7) AppleWebKit/537.36 (KHTML, like Gecko) Chrome/145.0.0.0 Safari/537.36" 0.125866
[2m2026-03-02T08:59:40.148598Z[0m [32m INFO[0m [2mactix_web::middleware::logger[0m[2m:[0m 172.31.15.48 "GET /api/market-data/price/BTCUSD HTTP/1.1" 200 115 "https://app.project-bubblegum.shop/" "Mozilla/5.0 (Macintosh; Intel Mac OS X 10_15_7) AppleWebKit/537.36 (KHTML, like Gecko) Chrome/145.0.0.0 Safari/537.36" 0.142822
[2m2026-03-02T08:59:40.149765Z[0m [32m INFO[0m [2mactix_web::middleware::logger[0m[2m:[0m 172.31.15.48 "GET /api/market-data/price/EURUSD HTTP/1.1" 200 134 "https://app.project-bubblegum.shop/" "Mozilla/5.0 (Macintosh; Intel Mac OS X 10_15_7) AppleWebKit/537.36 (KHTML, like Gecko) Chrome/145.0.0.0 Safari/537.36" 0.132168
[2m2026-03-02T08:59:40.151571Z[0m [32m INFO[0m [2mactix_web::middleware::logger[0m[2m:[0m 172.31.15.48 "GET /api/market-data/price/WTICO_USD HTTP/1.1" 200 130 "https://app.project-bubblegum.shop/" "Mozilla/5.0 (Macintosh; Intel Mac OS X 10_15_7) AppleWebKit/537.36 (KHTML, like Gecko) Chrome/145.0.0.0 Safari/537.36" 0.122618
[2m2026-03-02T08:59:40.278661Z[0m [32m INFO[0m [2mactix_web::middleware::logger[0m[2m:[0m 172.31.15.48 "GET /api/market-data/price/XAUUSD HTTP/1.1" 200 128 "https://app.project-bubblegum.shop/" "Mozilla/5.0 (Macintosh; Intel Mac OS X 10_15_7) AppleWebKit/537.36 (KHTML, like Gecko) Chrome/145.0.0.0 Safari/537.36" 0.122144
[2m2026-03-02T08:59:42.702646Z[0m [32m INFO[0m [2mactix_web::middleware::logger[0m[2m:[0m 172.31.24.194 "GET /api/health HTTP/1.1" 404 0 "-" "ELB-HealthChecker/2.0" 0.000060
